query_label,queries,best_single_ap_mean,best_fusion_ap_mean,best_single_rank1_mean,best_fusion_rank1_mean,delta_ap,delta_rank1,run_name,gallery_protocol,best_single_name,best_fusion_name
Guaraci,2,0.29135509777483504,0.7746752033060351,0.0,1.0,0.4833201055312001,1.0,eva_miew_efficientnet_weighted_globalminmax_sq,trainval_gallery,EVA-02,embedding_concat
Guaraci,2,0.29135509777483504,0.7692141622902632,0.0,1.0,0.47785906451542814,1.0,eva_miew_dinov2base_equal_globalminmax_sq,trainval_gallery,EVA-02,embedding_concat
Pollyanna,6,0.4233334638825202,0.8908670967664382,1.0,1.0,0.46753363288391797,0.0,eva_miew_convnext_miewheavy_globalminmax_sq,trainval_gallery,EVA-02,score_fusion
Pollyanna,6,0.4233334638825202,0.8572013809307116,1.0,1.0,0.43386791704819144,0.0,eva_miew_convnext_weighted_globalminmax_sq,trainval_gallery,EVA-02,score_fusion
Pollyanna,6,0.4233334638825202,0.8467994525270136,1.0,1.0,0.4234659886444934,0.0,eva_miew_convnext_equal_globalminmax_sq,trainval_gallery,EVA-02,score_fusion
Pollyanna,6,0.4233334638825202,0.8467994525270136,1.0,1.0,0.4234659886444934,0.0,eva_miew_convnext_equal_rowminmax_sq,trainval_gallery,EVA-02,score_fusion
Pollyanna,6,0.4233334638825202,0.8409465797667756,1.0,1.0,0.41761311588425537,0.0,eva_miew_dinov2base_equal_globalminmax_sq,trainval_gallery,EVA-02,embedding_concat
Guaraci,2,0.29135509777483504,0.7036139335177347,0.0,1.0,0.4122588357428997,1.0,eva_miew_convnext_weighted_globalminmax_sq,trainval_gallery,EVA-02,score_fusion
Pollyanna,6,0.4233334638825202,0.8240114649120858,1.0,1.0,0.4006780010295656,0.0,eva_miew_dinosmall_weighted_globalminmax_sq,trainval_gallery,EVA-02,score_fusion
Overa,8,0.4266450163313025,0.8210536197238318,1.0,1.0,0.39440860339252937,0.0,eva_miew_convnext_miewheavy_globalminmax_sq,trainval_gallery,EVA-02,score_fusion
Pollyanna,6,0.4233334638825202,0.810387980930805,1.0,1.0,0.3870545170482848,0.0,eva_miew_efficientnet_weighted_globalminmax_sq,trainval_gallery,EVA-02,embedding_concat
Pollyanna,6,0.4233334638825202,0.7925108425792988,1.0,1.0,0.36917737869677864,0.0,eva_mega_convnext_evaheavy_globalminmax_sq,trainval_gallery,EVA-02,score_fusion
Pollyanna,6,0.4233334638825202,0.7791796892005132,1.0,1.0,0.355846225317993,0.0,eva_miew_megadescriptor_evaheavy_globalminmax_sq,trainval_gallery,EVA-02,score_fusion
Overa,8,0.4266450163313025,0.7799049288910623,1.0,1.0,0.35325991255975986,0.0,eva_miew_efficientnet_weighted_globalminmax_sq,trainval_gallery,EVA-02,embedding_concat
Overa,8,0.4266450163313025,0.768431992950492,1.0,1.0,0.34178697661918955,0.0,eva_miew_dinosmall_weighted_globalminmax_sq,trainval_gallery,EVA-02,score_fusion
Overa,8,0.4266450163313025,0.7644391277192788,1.0,1.0,0.3377941113879763,0.0,eva_miew_convnext_weighted_globalminmax_sq,trainval_gallery,EVA-02,score_fusion
Pollyanna,6,0.4233334638825202,0.75977922439187,1.0,1.0,0.33644576050934977,0.0,eva_convnext_megadescriptor_weighted_globalminmax_sq,trainval_gallery,EVA-02,score_fusion
Overa,8,0.4266450163313025,0.7502403738686105,1.0,1.0,0.32359535753730806,0.0,eva_miew_dinov2base_equal_globalminmax_sq,trainval_gallery,EVA-02,embedding_concat
Bernard,4,0.12750137098632128,0.41643820370731344,0.75,0.75,0.28893683272099213,0.0,eva_convnext_megadescriptor_weighted_globalminmax_sq,trainval_gallery,EVA-02,score_fusion
Saseka,21,0.3652523803023997,0.6422880959136864,0.9523809523809523,0.9523809523809523,0.2770357156112867,0.0,eva_miew_convnext_miewheavy_globalminmax_sq,trainval_gallery,EVA-02,score_fusion
Overa,8,0.4266450163313025,0.7014696769676496,1.0,1.0,0.27482466063634714,0.0,eva_miew_convnext_equal_globalminmax_sq,trainval_gallery,EVA-02,score_fusion
Overa,8,0.4266450163313025,0.7014696769676496,1.0,1.0,0.27482466063634714,0.0,eva_miew_convnext_equal_rowminmax_sq,trainval_gallery,EVA-02,score_fusion
Guaraci,2,0.29135509777483504,0.5545694537255946,0.0,0.5,0.2632143559507596,0.5,eva_miew_convnext_equal_globalminmax_sq,trainval_gallery,EVA-02,score_fusion
Guaraci,2,0.29135509777483504,0.5545694537255946,0.0,0.5,0.2632143559507596,0.5,eva_miew_convnext_equal_rowminmax_sq,trainval_gallery,EVA-02,score_fusion
Jaju,21,0.561970288276139,0.8216758014687455,0.8571428571428571,0.9047619047619048,0.2597055131926065,0.04761904761904767,eva_miew_convnext_miewheavy_globalminmax_sq,trainval_gallery,EVA-02,score_fusion
Jaju,21,0.561970288276139,0.8199335753621639,0.8571428571428571,0.8571428571428571,0.2579632870860249,0.0,eva_miew_convnext_weighted_globalminmax_sq,trainval_gallery,EVA-02,score_fusion
Saseka,21,0.3652521628423117,0.6212756107167604,0.9523809523809523,0.9523809523809523,0.2560234478744487,0.0,eva_miew_convnext_equal_globalminmax_sq,trainval_gallery,EVA-02,score_fusion
Saseka,21,0.3652521628423117,0.6212756107167604,0.9523809523809523,0.9523809523809523,0.2560234478744487,0.0,eva_miew_convnext_equal_rowminmax_sq,trainval_gallery,EVA-02,score_fusion
Jaju,21,0.561970288276139,0.8178886362216647,0.8571428571428571,0.8571428571428571,0.2559183479455257,0.0,eva_miew_dinosmall_weighted_globalminmax_sq,trainval_gallery,EVA-02,score_fusion
Overa,8,0.4266450163313025,0.6781022328419419,1.0,1.0,0.25145721651063946,0.0,eva_miew_megadescriptor_evaheavy_globalminmax_sq,trainval_gallery,EVA-02,score_fusion
Jaju,21,0.561970288276139,0.8134268595310429,0.8571428571428571,0.8571428571428571,0.25145657125490384,0.0,eva_miew_efficientnet_weighted_globalminmax_sq,trainval_gallery,EVA-02,embedding_concat
Guaraci,2,0.29135509777483504,0.5416913019685223,0.0,0.5,0.2503362041936873,0.5,eva_mega_convnext_evaheavy_globalminmax_sq,trainval_gallery,EVA-02,score_fusion
Jaju,21,0.561970288276139,0.8098664904004513,0.8571428571428571,0.8571428571428571,0.2478962021243123,0.0,eva_miew_dinov2base_equal_globalminmax_sq,trainval_gallery,EVA-02,embedding_concat
Pyte,2,0.754944815451943,1.0,1.0,1.0,0.24505518454805697,0.0,eva_miew_convnext_equal_globalminmax_sq,trainval_gallery,EVA-02,score_fusion
Pyte,2,0.754944815451943,1.0,1.0,1.0,0.24505518454805697,0.0,eva_miew_convnext_equal_rowminmax_sq,trainval_gallery,EVA-02,score_fusion
Pyte,2,0.754944815451943,0.9975764238843906,1.0,1.0,0.24263160843244758,0.0,eva_miew_convnext_miewheavy_globalminmax_sq,trainval_gallery,EVA-02,score_fusion
Kwang,18,0.7464737417090216,0.9882026421468557,1.0,1.0,0.24172890043783413,0.0,eva_miew_convnext_miewheavy_globalminmax_sq,trainval_gallery,EVA-02,score_fusion
Jaju,21,0.561970288276139,0.8030559665671985,0.8571428571428571,0.8571428571428571,0.24108567829105942,0.0,eva_miew_convnext_equal_globalminmax_sq,trainval_gallery,EVA-02,score_fusion
Jaju,21,0.561970288276139,0.8030559665671985,0.8571428571428571,0.8571428571428571,0.24108567829105942,0.0,eva_miew_convnext_equal_rowminmax_sq,trainval_gallery,EVA-02,score_fusion
Pyte,2,0.754944815451943,0.9945174773317154,1.0,1.0,0.23957266187977233,0.0,eva_mega_convnext_evaheavy_globalminmax_sq,trainval_gallery,EVA-02,score_fusion
Guaraci,2,0.29135509777483504,0.5228865093308703,0.0,0.5,0.2315314115560353,0.5,eva_miew_megadescriptor_evaheavy_globalminmax_sq,trainval_gallery,EVA-02,score_fusion
Pyte,2,0.754944815451943,0.9858308706112267,1.0,1.0,0.23088605515928362,0.0,eva_miew_dinov2base_equal_globalminmax_sq,trainval_gallery,EVA-02,embedding_concat
Saseka,21,0.3652523803023997,0.5953173709425137,0.9523809523809523,0.9523809523809523,0.230064990640114,0.0,eva_miew_convnext_weighted_globalminmax_sq,trainval_gallery,EVA-02,score_fusion
Pyte,2,0.754944815451943,0.984237032744933,1.0,1.0,0.22929221729298999,0.0,eva_miew_convnext_weighted_globalminmax_sq,trainval_gallery,EVA-02,score_fusion
Jaju,21,0.561970288276139,0.7903407420412617,0.8571428571428571,0.8571428571428571,0.22837045376512266,0.0,eva_mega_convnext_evaheavy_globalminmax_sq,trainval_gallery,EVA-02,score_fusion
Pyte,2,0.754944815451943,0.9822372616111552,1.0,1.0,0.22729244615921218,0.0,eva_convnext_megadescriptor_weighted_globalminmax_sq,trainval_gallery,EVA-02,score_fusion
Kwang,18,0.7464737417090216,0.9737013112828912,1.0,1.0,0.22722756957386958,0.0,eva_miew_convnext_weighted_globalminmax_sq,trainval_gallery,EVA-02,score_fusion
Pixana,5,0.75199829908137,0.9788811595322102,1.0,1.0,0.22688286045084027,0.0,eva_miew_convnext_miewheavy_globalminmax_sq,trainval_gallery,EVA-02,score_fusion
Pixana,5,0.75199829908137,0.9779645398549125,1.0,1.0,0.22596624077354255,0.0,eva_miew_convnext_equal_globalminmax_sq,trainval_gallery,EVA-02,score_fusion
Pixana,5,0.75199829908137,0.9779645398549125,1.0,1.0,0.22596624077354255,0.0,eva_miew_convnext_equal_rowminmax_sq,trainval_gallery,EVA-02,score_fusion
Kwang,18,0.7464737417090216,0.972236066913821,1.0,1.0,0.22576232520479944,0.0,eva_miew_convnext_equal_globalminmax_sq,trainval_gallery,EVA-02,score_fusion
Kwang,18,0.7464737417090216,0.972236066913821,1.0,1.0,0.22576232520479944,0.0,eva_miew_convnext_equal_rowminmax_sq,trainval_gallery,EVA-02,score_fusion
Kwang,18,0.7464737417090216,0.9706748874146278,1.0,1.0,0.22420114570560623,0.0,eva_miew_dinosmall_weighted_globalminmax_sq,trainval_gallery,EVA-02,score_fusion
Kwang,18,0.7464737417090216,0.9703295515817363,1.0,1.0,0.2238558098727147,0.0,eva_miew_efficientnet_weighted_globalminmax_sq,trainval_gallery,EVA-02,embedding_concat
Guaraci,2,0.29135509777483504,0.5130783920188391,0.0,0.5,0.22172329424400405,0.5,eva_miew_convnext_miewheavy_globalminmax_sq,trainval_gallery,EVA-02,score_fusion
Bernard,4,0.12750137098632128,0.34665197033871364,0.75,0.75,0.21915059935239237,0.0,eva_miew_megadescriptor_evaheavy_globalminmax_sq,trainval_gallery,EVA-02,score_fusion
Guaraci,2,0.29135509777483504,0.5081815688902453,0.0,0.0,0.2168264711154103,0.0,eva_miew_dinosmall_weighted_globalminmax_sq,trainval_gallery,EVA-02,score_fusion
Overa,8,0.4266450163313025,0.6412077645878814,1.0,1.0,0.21456274825657895,0.0,eva_mega_convnext_evaheavy_globalminmax_sq,trainval_gallery,EVA-02,score_fusion
Pixana,5,0.75199829908137,0.965254427035781,1.0,1.0,0.21325612795441107,0.0,eva_miew_convnext_weighted_globalminmax_sq,trainval_gallery,EVA-02,score_fusion
Kwang,18,0.7464737417090216,0.9597024395806792,1.0,1.0,0.21322869787165766,0.0,eva_miew_dinov2base_equal_globalminmax_sq,trainval_gallery,EVA-02,embedding_concat
Saseka,21,0.3652523803023997,0.569522131731257,0.9523809523809523,0.9523809523809523,0.20426975142885728,0.0,eva_miew_dinosmall_weighted_globalminmax_sq,trainval_gallery,EVA-02,score_fusion
Pixana,5,0.75199829908137,0.9517789425969969,1.0,1.0,0.19978064351562697,0.0,eva_mega_convnext_evaheavy_globalminmax_sq,trainval_gallery,EVA-02,score_fusion
Pixana,5,0.75199829908137,0.9511146853776559,1.0,1.0,0.19911638629628592,0.0,eva_miew_efficientnet_weighted_globalminmax_sq,trainval_gallery,EVA-02,embedding_concat
Kwang,18,0.7464737417090216,0.9426030840272914,1.0,1.0,0.19612934231826984,0.0,eva_mega_convnext_evaheavy_globalminmax_sq,trainval_gallery,EVA-02,score_fusion
Apeiara,2,0.02579474173403455,0.2217325545601901,0.0,1.0,0.19593781282615552,1.0,eva_miew_convnext_miewheavy_globalminmax_sq,trainval_gallery,EVA-02,score_fusion
Saseka,21,0.3652523803023997,0.5592714814927944,0.9523809523809523,0.9523809523809523,0.19401910119039467,0.0,eva_mega_convnext_evaheavy_globalminmax_sq,trainval_gallery,EVA-02,score_fusion
Alira,6,0.574528525597665,0.7672321556934086,1.0,1.0,0.19270363009574365,0.0,eva_mega_convnext_evaheavy_globalminmax_sq,trainval_gallery,EVA-02,score_fusion
Alira,6,0.574528525597665,0.7586615644970397,1.0,1.0,0.1841330388993747,0.0,eva_miew_convnext_equal_globalminmax_sq,trainval_gallery,EVA-02,score_fusion
Alira,6,0.574528525597665,0.7586615644970397,1.0,1.0,0.1841330388993747,0.0,eva_miew_convnext_equal_rowminmax_sq,trainval_gallery,EVA-02,score_fusion
Apeiara,2,0.02579474173403455,0.2096249049232124,0.0,1.0,0.18383016318917783,1.0,eva_miew_dinosmall_weighted_globalminmax_sq,trainval_gallery,EVA-02,score_fusion
Saseka,21,0.3652523803023997,0.5409862524132817,0.9523809523809523,0.9523809523809523,0.17573387211088198,0.0,eva_miew_dinov2base_equal_globalminmax_sq,trainval_gallery,EVA-02,embedding_concat
Apeiara,2,0.02579474173403455,0.20069377514412765,0.0,1.0,0.1748990334100931,1.0,eva_miew_efficientnet_weighted_globalminmax_sq,trainval_gallery,EVA-02,embedding_concat
Marcela,32,0.7166366442231963,0.8878804533665984,0.9375,1.0,0.1712438091434021,0.0625,eva_miew_convnext_miewheavy_globalminmax_sq,trainval_gallery,EVA-02,score_fusion
Jaju,21,0.561970288276139,0.733007242723988,0.8571428571428571,0.8571428571428571,0.17103695444784894,0.0,eva_miew_megadescriptor_evaheavy_globalminmax_sq,trainval_gallery,EVA-02,score_fusion
Ti,11,0.7925182321625183,0.9610820749029645,1.0,1.0,0.16856384274044622,0.0,eva_miew_convnext_equal_globalminmax_sq,trainval_gallery,EVA-02,score_fusion
Ti,11,0.7925182321625183,0.9610820749029645,1.0,1.0,0.16856384274044622,0.0,eva_miew_convnext_equal_rowminmax_sq,trainval_gallery,EVA-02,score_fusion
Alira,6,0.574528525597665,0.7420803814530634,1.0,1.0,0.16755185585539845,0.0,eva_convnext_megadescriptor_weighted_globalminmax_sq,trainval_gallery,EVA-02,score_fusion
Pyte,2,0.754944815451943,0.9224707817647041,1.0,1.0,0.16752596631276107,0.0,eva_miew_megadescriptor_evaheavy_globalminmax_sq,trainval_gallery,EVA-02,score_fusion
Bernard,4,0.12750137098632128,0.2950160587554849,0.75,0.75,0.16751468776916364,0.0,eva_mega_convnext_evaheavy_globalminmax_sq,trainval_gallery,EVA-02,score_fusion
Saseka,21,0.3652523803023997,0.5320990341179496,0.9523809523809523,0.9523809523809523,0.16684665381554986,0.0,eva_miew_efficientnet_weighted_globalminmax_sq,trainval_gallery,EVA-02,embedding_concat
Ti,11,0.7925182321625183,0.955779316396583,1.0,1.0,0.1632610842340647,0.0,eva_miew_convnext_weighted_globalminmax_sq,trainval_gallery,EVA-02,score_fusion
Marcela,32,0.7166366442231963,0.879873925457125,0.9375,1.0,0.16323728123392867,0.0625,eva_miew_efficientnet_weighted_globalminmax_sq,trainval_gallery,EVA-02,embedding_concat
Benita,9,0.8172540633843579,0.9801770131556489,0.8888888888888888,1.0,0.16292294977129096,0.11111111111111116,eva_convnext_megadescriptor_weighted_globalminmax_sq,trainval_gallery,EVA-02,score_fusion
Apeiara,2,0.02579474173403455,0.18846209354653798,0.0,0.0,0.1626673518125034,0.0,eva_convnext_megadescriptor_weighted_globalminmax_sq,trainval_gallery,EVA-02,score_fusion
Marcela,32,0.7166366442231963,0.8791001621056819,0.9375,1.0,0.1624635178824856,0.0625,eva_miew_convnext_weighted_globalminmax_sq,trainval_gallery,EVA-02,score_fusion
Ti,11,0.7925182321625183,0.9546366763410227,1.0,1.0,0.1621184441785044,0.0,eva_mega_convnext_evaheavy_globalminmax_sq,trainval_gallery,EVA-02,score_fusion
Apeiara,2,0.02579474173403455,0.1874045813256052,0.0,0.5,0.16160983959157066,0.5,eva_miew_megadescriptor_evaheavy_globalminmax_sq,trainval_gallery,EVA-02,score_fusion
Marcela,32,0.7166366442231963,0.878139781236266,0.9375,1.0,0.16150313701306973,0.0625,eva_miew_dinosmall_weighted_globalminmax_sq,trainval_gallery,EVA-02,score_fusion
Benita,9,0.8172540633843579,0.977347367121332,0.8888888888888888,1.0,0.16009330373697406,0.11111111111111116,eva_miew_convnext_equal_globalminmax_sq,trainval_gallery,EVA-02,score_fusion
Benita,9,0.8172540633843579,0.977347367121332,0.8888888888888888,1.0,0.16009330373697406,0.11111111111111116,eva_miew_convnext_equal_rowminmax_sq,trainval_gallery,EVA-02,score_fusion
Benita,9,0.8172540633843579,0.9767175472795242,0.8888888888888888,1.0,0.1594634838951663,0.11111111111111116,eva_miew_convnext_miewheavy_globalminmax_sq,trainval_gallery,EVA-02,score_fusion
Benita,9,0.8172540633843579,0.9748121254659361,0.8888888888888888,1.0,0.1575580620815782,0.11111111111111116,eva_miew_megadescriptor_evaheavy_globalminmax_sq,trainval_gallery,EVA-02,score_fusion
Pixana,5,0.75199829908137,0.9084929636442572,1.0,1.0,0.1564946645628873,0.0,eva_miew_dinosmall_weighted_globalminmax_sq,trainval_gallery,EVA-02,score_fusion
Bernard,4,0.12750137098632128,0.28376395199695215,0.75,0.75,0.15626258101063087,0.0,eva_miew_convnext_equal_globalminmax_sq,trainval_gallery,EVA-02,score_fusion
Bernard,4,0.12750137098632128,0.28376395199695215,0.75,0.75,0.15626258101063087,0.0,eva_miew_convnext_equal_rowminmax_sq,trainval_gallery,EVA-02,score_fusion
Benita,9,0.8172540633843579,0.9724632374442683,0.8888888888888888,1.0,0.15520917405991042,0.11111111111111116,eva_miew_convnext_weighted_globalminmax_sq,trainval_gallery,EVA-02,score_fusion
Marcela,32,0.7166366442231963,0.8712917158922715,0.9375,0.96875,0.15465507166907522,0.03125,eva_miew_convnext_equal_globalminmax_sq,trainval_gallery,EVA-02,score_fusion
Marcela,32,0.7166366442231963,0.8712917158922715,0.9375,0.96875,0.15465507166907522,0.03125,eva_miew_convnext_equal_rowminmax_sq,trainval_gallery,EVA-02,score_fusion
Kwang,18,0.7464737417090216,0.9004856912583361,1.0,1.0,0.15401194954931452,0.0,eva_miew_megadescriptor_evaheavy_globalminmax_sq,trainval_gallery,EVA-02,score_fusion
Ti,11,0.7925182321625183,0.9460529471445308,1.0,1.0,0.15353471498201254,0.0,eva_miew_convnext_miewheavy_globalminmax_sq,trainval_gallery,EVA-02,score_fusion
Ti,11,0.7925182321625183,0.9423251702872264,1.0,1.0,0.14980693812470813,0.0,eva_miew_dinosmall_weighted_globalminmax_sq,trainval_gallery,EVA-02,score_fusion
Benita,9,0.8172540633843579,0.9631042439007196,0.8888888888888888,1.0,0.14585018051636167,0.11111111111111116,eva_mega_convnext_evaheavy_globalminmax_sq,trainval_gallery,EVA-02,score_fusion
Benita,9,0.8172540633843579,0.9518923833293648,0.8888888888888888,1.0,0.13463831994500686,0.11111111111111116,eva_miew_dinosmall_weighted_globalminmax_sq,trainval_gallery,EVA-02,score_fusion
Marcela,32,0.7166367079729553,0.845779645122675,0.9375,0.9375,0.1291429371497197,0.0,eva_mega_convnext_evaheavy_globalminmax_sq,trainval_gallery,EVA-02,score_fusion
Ti,11,0.7925182321625183,0.9172528050111711,1.0,1.0,0.12473457284865286,0.0,eva_miew_dinov2base_equal_globalminmax_sq,trainval_gallery,EVA-02,embedding_concat
Apeiara,2,0.02579474173403455,0.15019392016241234,0.0,0.5,0.12439917842837779,0.5,eva_miew_dinov2base_equal_globalminmax_sq,trainval_gallery,EVA-02,embedding_concat
Marcela,32,0.7166367079729553,0.8338078550356379,0.9375,1.0,0.11717114706268261,0.0625,eva_miew_megadescriptor_evaheavy_globalminmax_sq,trainval_gallery,EVA-02,score_fusion
Kwang,18,0.7464737417090216,0.8629453583566064,1.0,1.0,0.11647161664758476,0.0,eva_convnext_megadescriptor_weighted_globalminmax_sq,trainval_gallery,EVA-02,score_fusion
Alira,6,0.574528525597665,0.6904879015440001,1.0,1.0,0.1159593759463351,0.0,eva_miew_convnext_weighted_globalminmax_sq,trainval_gallery,EVA-02,score_fusion
Marcela,32,0.7166366442231963,0.8325212418044856,0.9375,1.0,0.11588459758128933,0.0625,eva_miew_dinov2base_equal_globalminmax_sq,trainval_gallery,EVA-02,embedding_concat
Overa,8,0.4266450163313025,0.5421716716266328,1.0,1.0,0.11552665529533035,0.0,eva_convnext_megadescriptor_weighted_globalminmax_sq,trainval_gallery,EVA-02,score_fusion
Bernard,4,0.12750137098632128,0.23948584716657034,0.75,0.75,0.11198447618024907,0.0,eva_miew_convnext_weighted_globalminmax_sq,trainval_gallery,EVA-02,score_fusion
Pixana,5,0.75199829908137,0.8635171419046328,1.0,0.8,0.11151884282326285,-0.19999999999999996,eva_miew_dinov2base_equal_globalminmax_sq,trainval_gallery,EVA-02,embedding_concat
Ti,11,0.7925182321625183,0.9036196547058964,1.0,1.0,0.11110142254337818,0.0,eva_miew_efficientnet_weighted_globalminmax_sq,trainval_gallery,EVA-02,embedding_concat
Akaloi,2,0.8891240839770251,1.0,1.0,1.0,0.11087591602297486,0.0,eva_miew_megadescriptor_evaheavy_globalminmax_sq,trainval_gallery,EVA-02,score_fusion
Akaloi,2,0.8891240839770251,1.0,1.0,1.0,0.11087591602297486,0.0,eva_convnext_megadescriptor_weighted_globalminmax_sq,trainval_gallery,EVA-02,score_fusion
Benita,9,0.8172540633843579,0.9259232891974953,0.8888888888888888,1.0,0.10866922581313743,0.11111111111111116,eva_miew_dinov2base_equal_globalminmax_sq,trainval_gallery,EVA-02,embedding_concat
Bernard,4,0.12750137098632128,0.2357626261904186,0.75,0.75,0.10826125520409732,0.0,eva_miew_convnext_miewheavy_globalminmax_sq,trainval_gallery,EVA-02,score_fusion
Bagua,4,0.3019747238005573,0.4064027789646347,0.75,0.75,0.10442805516407744,0.0,eva_miew_dinov2base_equal_globalminmax_sq,trainval_gallery,EVA-02,embedding_concat
Abril,3,0.19634221678584574,0.3001834322757395,1.0,1.0,0.10384121548989378,0.0,eva_miew_convnext_equal_globalminmax_sq,trainval_gallery,EVA-02,score_fusion
Abril,3,0.19634221678584574,0.3001834322757395,1.0,1.0,0.10384121548989378,0.0,eva_miew_convnext_equal_rowminmax_sq,trainval_gallery,EVA-02,score_fusion
Oxum,2,0.7602268344755556,0.863679270051819,1.0,1.0,0.10345243557626338,0.0,eva_miew_dinosmall_weighted_globalminmax_sq,trainval_gallery,EVA-02,score_fusion
Apeiara,2,0.02579474173403455,0.12895367853619213,0.0,0.5,0.10315893680215758,0.5,eva_miew_convnext_weighted_globalminmax_sq,trainval_gallery,EVA-02,score_fusion
Oxum,2,0.7602268344755556,0.8582570877860733,1.0,1.0,0.09803025331051773,0.0,eva_mega_convnext_evaheavy_globalminmax_sq,trainval_gallery,EVA-02,score_fusion
Abril,3,0.19634221678584574,0.2942609799719768,1.0,1.0,0.09791876318613107,0.0,eva_miew_dinosmall_weighted_globalminmax_sq,trainval_gallery,EVA-02,score_fusion
Saseka,21,0.3652523803023997,0.46069094179047465,0.9523809523809523,0.9523809523809523,0.09543856148807495,0.0,eva_miew_megadescriptor_evaheavy_globalminmax_sq,trainval_gallery,EVA-02,score_fusion
Guaraci,2,0.29135509777483504,0.38579143322036147,0.0,0.0,0.09443633544552643,0.0,eva_convnext_megadescriptor_weighted_globalminmax_sq,trainval_gallery,EVA-02,score_fusion
Abril,3,0.19634221678584574,0.28916389384703,1.0,1.0,0.09282167706118427,0.0,eva_mega_convnext_evaheavy_globalminmax_sq,trainval_gallery,EVA-02,score_fusion
Benita,9,0.8172540633843579,0.9097688227880957,0.8888888888888888,1.0,0.09251475940373777,0.11111111111111116,eva_miew_efficientnet_weighted_globalminmax_sq,trainval_gallery,EVA-02,embedding_concat
Apeiara,2,0.02579474173403455,0.11751057734907465,0.0,0.0,0.0917158356150401,0.0,eva_miew_convnext_equal_globalminmax_sq,trainval_gallery,EVA-02,score_fusion
Apeiara,2,0.02579474173403455,0.11751057734907465,0.0,0.0,0.0917158356150401,0.0,eva_miew_convnext_equal_rowminmax_sq,trainval_gallery,EVA-02,score_fusion
Kamaikua,26,0.8924540305032672,0.9832607866641534,0.9615384615384616,1.0,0.09080675616088618,0.038461538461538436,eva_miew_dinov2base_equal_globalminmax_sq,trainval_gallery,EVA-02,embedding_concat
Kamaikua,26,0.8924540305032672,0.9831053052253782,0.9615384615384616,1.0,0.09065127472211099,0.038461538461538436,eva_miew_dinosmall_weighted_globalminmax_sq,trainval_gallery,EVA-02,score_fusion
Kamaikua,26,0.8924540305032672,0.9818327906204847,0.9615384615384616,1.0,0.08937876011721746,0.038461538461538436,eva_miew_convnext_equal_globalminmax_sq,trainval_gallery,EVA-02,score_fusion
Kamaikua,26,0.8924540305032672,0.9818327906204847,0.9615384615384616,1.0,0.08937876011721746,0.038461538461538436,eva_miew_convnext_equal_rowminmax_sq,trainval_gallery,EVA-02,score_fusion
Kamaikua,26,0.8924540305032672,0.9815790457803153,0.9615384615384616,1.0,0.08912501527704808,0.038461538461538436,eva_miew_convnext_weighted_globalminmax_sq,trainval_gallery,EVA-02,score_fusion
Kamaikua,26,0.8924540305032672,0.9802076207685092,0.9615384615384616,1.0,0.08775359026524199,0.038461538461538436,eva_mega_convnext_evaheavy_globalminmax_sq,trainval_gallery,EVA-02,score_fusion
Abril,3,0.19634221678584574,0.2839066382630681,1.0,1.0,0.08756442147722238,0.0,eva_miew_convnext_weighted_globalminmax_sq,trainval_gallery,EVA-02,score_fusion
Saseka,21,0.3652523803023997,0.448482241175835,0.9523809523809523,0.9523809523809523,0.08322986087343531,0.0,eva_convnext_megadescriptor_weighted_globalminmax_sq,trainval_gallery,EVA-02,score_fusion
Abril,3,0.19634221678584574,0.2795188858206094,1.0,1.0,0.08317666903476367,0.0,eva_miew_convnext_miewheavy_globalminmax_sq,trainval_gallery,EVA-02,score_fusion
Kamaikua,26,0.8924540305032672,0.9741901260207085,0.9615384615384616,1.0,0.08173609551744132,0.038461538461538436,eva_miew_efficientnet_weighted_globalminmax_sq,trainval_gallery,EVA-02,embedding_concat
Alira,6,0.574528525597665,0.6540772594488279,1.0,1.0,0.0795487338511629,0.0,eva_miew_convnext_miewheavy_globalminmax_sq,trainval_gallery,EVA-02,score_fusion
Kamaikua,26,0.8924540305032672,0.9711285842320314,0.9615384615384616,1.0,0.0786745537287642,0.038461538461538436,eva_miew_convnext_miewheavy_globalminmax_sq,trainval_gallery,EVA-02,score_fusion
Katniss,9,0.8221042623372207,0.8962334996750747,0.8888888888888888,0.8888888888888888,0.07412923733785404,0.0,eva_miew_dinov2base_equal_globalminmax_sq,trainval_gallery,EVA-02,embedding_concat
Bagua,4,0.3019747238005573,0.37533184187414553,0.75,1.0,0.07335711807358825,0.25,eva_miew_efficientnet_weighted_globalminmax_sq,trainval_gallery,EVA-02,embedding_concat
Ariely,8,0.7960757334375687,0.8690931223579375,1.0,1.0,0.0730173889203688,0.0,eva_miew_dinosmall_weighted_globalminmax_sq,trainval_gallery,EVA-02,score_fusion
Ariely,8,0.7960757334375687,0.8658868829381976,1.0,1.0,0.06981114950062894,0.0,eva_miew_efficientnet_weighted_globalminmax_sq,trainval_gallery,EVA-02,embedding_concat
Marcela,32,0.7166367079729553,0.7862346657025278,0.9375,0.9375,0.06959795772957245,0.0,eva_convnext_megadescriptor_weighted_globalminmax_sq,trainval_gallery,EVA-02,score_fusion
Oxum,2,0.7602268344755556,0.8289824296790241,1.0,1.0,0.06875559520346852,0.0,eva_miew_convnext_equal_globalminmax_sq,trainval_gallery,EVA-02,score_fusion
Oxum,2,0.7602268344755556,0.8289824296790241,1.0,1.0,0.06875559520346852,0.0,eva_miew_convnext_equal_rowminmax_sq,trainval_gallery,EVA-02,score_fusion
Abril,3,0.19634221678584574,0.26418772051156075,1.0,1.0,0.06784550372571502,0.0,eva_miew_dinov2base_equal_globalminmax_sq,trainval_gallery,EVA-02,embedding_concat
Akaloi,2,0.8891240839770251,0.9569480288230288,1.0,1.0,0.06782394484600363,0.0,eva_miew_dinosmall_weighted_globalminmax_sq,trainval_gallery,EVA-02,score_fusion
Akaloi,2,0.8891240839770251,0.9565883190883191,1.0,1.0,0.06746423511129396,0.0,eva_mega_convnext_evaheavy_globalminmax_sq,trainval_gallery,EVA-02,score_fusion
Bagua,4,0.3019747238005573,0.36878505524365973,0.75,1.0,0.06681033144310244,0.25,eva_miew_dinosmall_weighted_globalminmax_sq,trainval_gallery,EVA-02,score_fusion
Alira,6,0.574528525597665,0.6401963942188952,1.0,1.0,0.0656678686212302,0.0,eva_miew_megadescriptor_evaheavy_globalminmax_sq,trainval_gallery,EVA-02,score_fusion
Katniss,9,0.8221042623372207,0.8846206899594002,0.8888888888888888,0.8888888888888888,0.06251642762217957,0.0,eva_miew_dinosmall_weighted_globalminmax_sq,trainval_gallery,EVA-02,score_fusion
Katniss,9,0.8221042623372207,0.8844555181274153,0.8888888888888888,0.8888888888888888,0.062351255790194626,0.0,eva_miew_megadescriptor_evaheavy_globalminmax_sq,trainval_gallery,EVA-02,score_fusion
Katniss,9,0.8221042623372207,0.8841183749523007,0.8888888888888888,0.8888888888888888,0.06201411261508005,0.0,eva_miew_efficientnet_weighted_globalminmax_sq,trainval_gallery,EVA-02,embedding_concat
Katniss,9,0.8221042623372207,0.8840237145239633,0.8888888888888888,0.8888888888888888,0.06191945218674266,0.0,eva_miew_convnext_miewheavy_globalminmax_sq,trainval_gallery,EVA-02,score_fusion
Oxum,2,0.7602268344755556,0.8218626792409753,1.0,1.0,0.06163584476541972,0.0,eva_miew_convnext_weighted_globalminmax_sq,trainval_gallery,EVA-02,score_fusion
Ariely,8,0.7960757334375687,0.8574322611786783,1.0,1.0,0.06135652774110967,0.0,eva_miew_dinov2base_equal_globalminmax_sq,trainval_gallery,EVA-02,embedding_concat
Katniss,9,0.8221042623372207,0.8834393881130342,0.8888888888888888,0.8888888888888888,0.06133512577581357,0.0,eva_miew_convnext_weighted_globalminmax_sq,trainval_gallery,EVA-02,score_fusion
Pixana,5,0.75199829908137,0.8132157452204215,1.0,0.8,0.06121744613905156,-0.19999999999999996,eva_miew_megadescriptor_evaheavy_globalminmax_sq,trainval_gallery,EVA-02,score_fusion
Akaloi,2,0.8891240839770251,0.9502810846560847,1.0,1.0,0.0611570006790596,0.0,eva_miew_efficientnet_weighted_globalminmax_sq,trainval_gallery,EVA-02,embedding_concat
Katniss,9,0.8221042623372207,0.8824542556370242,0.8888888888888888,0.8888888888888888,0.060349993299803506,0.0,eva_miew_convnext_equal_globalminmax_sq,trainval_gallery,EVA-02,score_fusion
Katniss,9,0.8221042623372207,0.8824542556370242,0.8888888888888888,0.8888888888888888,0.060349993299803506,0.0,eva_miew_convnext_equal_rowminmax_sq,trainval_gallery,EVA-02,score_fusion
Katniss,9,0.8221042623372207,0.8820828851552359,0.8888888888888888,0.8888888888888888,0.05997862281801525,0.0,eva_mega_convnext_evaheavy_globalminmax_sq,trainval_gallery,EVA-02,score_fusion
Akaloi,2,0.8891240839770251,0.9488802863802863,1.0,1.0,0.05975620240326118,0.0,eva_miew_convnext_weighted_globalminmax_sq,trainval_gallery,EVA-02,score_fusion
Ariely,8,0.7960757334375687,0.8537463504141081,1.0,1.0,0.05767061697653941,0.0,eva_miew_convnext_weighted_globalminmax_sq,trainval_gallery,EVA-02,score_fusion
Pyte,2,0.754944815451943,0.8106789711257739,1.0,1.0,0.05573415567383089,0.0,eva_miew_efficientnet_weighted_globalminmax_sq,trainval_gallery,EVA-02,embedding_concat
Abril,3,0.19634221678584574,0.25165100269591006,1.0,1.0,0.05530878591006433,0.0,eva_convnext_megadescriptor_weighted_globalminmax_sq,trainval_gallery,EVA-02,score_fusion
Apeiara,2,0.02579474173403455,0.08035836035658565,0.0,0.0,0.0545636186225511,0.0,eva_mega_convnext_evaheavy_globalminmax_sq,trainval_gallery,EVA-02,score_fusion
Bagua,4,0.3019747238005573,0.3564559844953942,0.75,0.75,0.054481260694836886,0.0,eva_miew_convnext_miewheavy_globalminmax_sq,trainval_gallery,EVA-02,score_fusion
Akaloi,2,0.8891240839770251,0.9405145202020202,1.0,1.0,0.05139043622499506,0.0,eva_miew_convnext_equal_globalminmax_sq,trainval_gallery,EVA-02,score_fusion
Akaloi,2,0.8891240839770251,0.9405145202020202,1.0,1.0,0.05139043622499506,0.0,eva_miew_convnext_equal_rowminmax_sq,trainval_gallery,EVA-02,score_fusion
Kamaikua,26,0.8924540305032672,0.943747918156504,0.9615384615384616,1.0,0.051293887653236836,0.038461538461538436,eva_miew_megadescriptor_evaheavy_globalminmax_sq,trainval_gallery,EVA-02,score_fusion
Ariely,8,0.7960757334375687,0.8472355318095882,1.0,0.875,0.05115979837201956,-0.125,eva_miew_convnext_miewheavy_globalminmax_sq,trainval_gallery,EVA-02,score_fusion
Abril,3,0.19634221678584574,0.2460185648360096,1.0,1.0,0.049676348050163854,0.0,eva_miew_efficientnet_weighted_globalminmax_sq,trainval_gallery,EVA-02,embedding_concat
Lua,18,0.952565410286938,1.0,1.0,1.0,0.047434589713062025,0.0,eva_miew_convnext_weighted_globalminmax_sq,trainval_gallery,EVA-02,score_fusion
Lua,18,0.952565410286938,1.0,1.0,1.0,0.047434589713062025,0.0,eva_miew_dinosmall_weighted_globalminmax_sq,trainval_gallery,EVA-02,score_fusion
Lua,18,0.952565410286938,1.0,1.0,1.0,0.047434589713062025,0.0,eva_miew_convnext_miewheavy_globalminmax_sq,trainval_gallery,EVA-02,score_fusion
Lua,18,0.952565410286938,1.0,1.0,1.0,0.047434589713062025,0.0,eva_miew_convnext_equal_globalminmax_sq,trainval_gallery,EVA-02,score_fusion
Lua,18,0.952565410286938,1.0,1.0,1.0,0.047434589713062025,0.0,eva_miew_convnext_equal_rowminmax_sq,trainval_gallery,EVA-02,score_fusion
Lua,18,0.952565410286938,0.9999960436151861,1.0,1.0,0.04743063332824815,0.0,eva_mega_convnext_evaheavy_globalminmax_sq,trainval_gallery,EVA-02,score_fusion
Lua,18,0.952565410286938,0.9999920537016875,1.0,1.0,0.04742664341474956,0.0,eva_miew_efficientnet_weighted_globalminmax_sq,trainval_gallery,EVA-02,embedding_concat
Lua,18,0.952565410286938,0.9999604242548017,1.0,1.0,0.04739501396786372,0.0,eva_miew_dinov2base_equal_globalminmax_sq,trainval_gallery,EVA-02,embedding_concat
Lua,18,0.952565410286938,0.9995267092832881,1.0,1.0,0.046961298996350154,0.0,eva_miew_megadescriptor_evaheavy_globalminmax_sq,trainval_gallery,EVA-02,score_fusion
Katniss,9,0.8221042623372207,0.8689031785183351,0.8888888888888888,0.8888888888888888,0.046798916181114425,0.0,eva_convnext_megadescriptor_weighted_globalminmax_sq,trainval_gallery,EVA-02,score_fusion
Ariely,8,0.7960757334375687,0.8407785685001882,1.0,1.0,0.04470283506261952,0.0,eva_miew_convnext_equal_globalminmax_sq,trainval_gallery,EVA-02,score_fusion
Ariely,8,0.7960757334375687,0.8407785685001882,1.0,1.0,0.04470283506261952,0.0,eva_miew_convnext_equal_rowminmax_sq,trainval_gallery,EVA-02,score_fusion
Solar,11,0.957889297690955,1.0,1.0,1.0,0.04211070230904501,0.0,eva_miew_convnext_weighted_globalminmax_sq,trainval_gallery,EVA-02,score_fusion
Solar,11,0.957889297690955,1.0,1.0,1.0,0.04211070230904501,0.0,eva_miew_convnext_equal_globalminmax_sq,trainval_gallery,EVA-02,score_fusion
Solar,11,0.957889297690955,1.0,1.0,1.0,0.04211070230904501,0.0,eva_miew_convnext_equal_rowminmax_sq,trainval_gallery,EVA-02,score_fusion
Solar,11,0.957889297690955,0.9999472072642803,1.0,1.0,0.042057909573325336,0.0,eva_miew_convnext_miewheavy_globalminmax_sq,trainval_gallery,EVA-02,score_fusion
Ariely,8,0.7960757334375687,0.8379412465618368,1.0,1.0,0.04186551312426812,0.0,eva_mega_convnext_evaheavy_globalminmax_sq,trainval_gallery,EVA-02,score_fusion
Solar,11,0.957889297690955,0.9993798323565595,1.0,1.0,0.041490534665604484,0.0,eva_miew_efficientnet_weighted_globalminmax_sq,trainval_gallery,EVA-02,embedding_concat
Solar,11,0.957889297690955,0.9993573384101514,1.0,1.0,0.04146804071919641,0.0,eva_mega_convnext_evaheavy_globalminmax_sq,trainval_gallery,EVA-02,score_fusion
Lua,18,0.952565410286938,0.9940046681651226,1.0,1.0,0.04143925787818459,0.0,eva_convnext_megadescriptor_weighted_globalminmax_sq,trainval_gallery,EVA-02,score_fusion
Solar,11,0.957889297690955,0.9990018787934498,1.0,1.0,0.04111258110249483,0.0,eva_miew_dinosmall_weighted_globalminmax_sq,trainval_gallery,EVA-02,score_fusion
Bagua,4,0.3019747238005573,0.34290339952788235,0.75,0.75,0.04092867572732506,0.0,eva_miew_convnext_weighted_globalminmax_sq,trainval_gallery,EVA-02,score_fusion
Solar,11,0.957889297690955,0.9974355483672923,1.0,1.0,0.039546250676337324,0.0,eva_miew_dinov2base_equal_globalminmax_sq,trainval_gallery,EVA-02,embedding_concat
Bernard,4,0.12750137098632128,0.1665721537059138,0.75,0.75,0.03907078271959252,0.0,eva_miew_dinov2base_equal_globalminmax_sq,trainval_gallery,EVA-02,embedding_concat
Bagua,4,0.3019747238005573,0.33960631397633256,0.75,0.75,0.037631590175775276,0.0,eva_miew_megadescriptor_evaheavy_globalminmax_sq,trainval_gallery,EVA-02,score_fusion
Akaloi,2,0.8891240839770251,0.9243273066802478,1.0,1.0,0.035203222703222625,0.0,eva_miew_dinov2base_equal_globalminmax_sq,trainval_gallery,EVA-02,embedding_concat
Solar,11,0.957889297690955,0.9913891873448762,1.0,1.0,0.033499889653921255,0.0,eva_miew_megadescriptor_evaheavy_globalminmax_sq,trainval_gallery,EVA-02,score_fusion
Abril,3,0.19634221678584574,0.22639316026281445,1.0,1.0,0.03005094347696871,0.0,eva_miew_megadescriptor_evaheavy_globalminmax_sq,trainval_gallery,EVA-02,score_fusion
Kamaikua,26,0.8924540305032672,0.9199145141363652,0.9615384615384616,0.9615384615384616,0.027460483633097943,0.0,eva_convnext_megadescriptor_weighted_globalminmax_sq,trainval_gallery,EVA-02,score_fusion
Medrosa,33,0.8782071200371621,0.9048440542826569,0.8787878787878788,0.9090909090909091,0.026636934245494848,0.030303030303030276,eva_miew_megadescriptor_evaheavy_globalminmax_sq,trainval_gallery,EVA-02,score_fusion
Bagua,4,0.3019747238005573,0.3281755526686881,0.75,0.75,0.0262008288681308,0.0,eva_miew_convnext_equal_globalminmax_sq,trainval_gallery,EVA-02,score_fusion
Bagua,4,0.3019747238005573,0.3281755526686881,0.75,0.75,0.0262008288681308,0.0,eva_miew_convnext_equal_rowminmax_sq,trainval_gallery,EVA-02,score_fusion
Ti,11,0.7925182321625183,0.8182238258622735,1.0,1.0,0.025705593699755225,0.0,eva_miew_megadescriptor_evaheavy_globalminmax_sq,trainval_gallery,EVA-02,score_fusion
Pixana,5,0.75199829908137,0.7764947290791936,1.0,0.6,0.024496429997823643,-0.4,eva_convnext_megadescriptor_weighted_globalminmax_sq,trainval_gallery,EVA-02,score_fusion
Ousado,34,0.911685406965865,0.9328448305418592,1.0,1.0,0.021159423575994207,0.0,eva_miew_dinosmall_weighted_globalminmax_sq,trainval_gallery,EVA-02,score_fusion
Bernard,4,0.12750137098632128,0.1475507018575783,0.75,0.75,0.020049330871257015,0.0,eva_miew_efficientnet_weighted_globalminmax_sq,trainval_gallery,EVA-02,embedding_concat
Pyte,2,0.754944815451943,0.7748080466945069,1.0,1.0,0.01986323124256384,0.0,eva_miew_dinosmall_weighted_globalminmax_sq,trainval_gallery,EVA-02,score_fusion
Alira,6,0.574528525597665,0.5932019763210494,1.0,0.6666666666666666,0.018673450723384444,-0.33333333333333337,eva_miew_dinov2base_equal_globalminmax_sq,trainval_gallery,EVA-02,embedding_concat
Ousado,34,0.911685406965865,0.9300864362134851,1.0,1.0,0.018401029247620104,0.0,eva_mega_convnext_evaheavy_globalminmax_sq,trainval_gallery,EVA-02,score_fusion
Bagua,4,0.3019747238005573,0.31976929865339476,0.75,0.75,0.017794574852837475,0.0,eva_mega_convnext_evaheavy_globalminmax_sq,trainval_gallery,EVA-02,score_fusion
Medrosa,33,0.8782071200371621,0.8947147606997811,0.8787878787878788,0.8787878787878788,0.016507640662619005,0.0,eva_miew_dinosmall_weighted_globalminmax_sq,trainval_gallery,EVA-02,score_fusion
Tomas,9,0.9835104440840207,0.9995847103271621,1.0,1.0,0.016074266243141455,0.0,eva_miew_convnext_equal_globalminmax_sq,trainval_gallery,EVA-02,score_fusion
Tomas,9,0.9835104440840207,0.9995847103271621,1.0,1.0,0.016074266243141455,0.0,eva_miew_convnext_equal_rowminmax_sq,trainval_gallery,EVA-02,score_fusion
Tomas,9,0.9835104440840207,0.9992009450758249,1.0,1.0,0.015690500991804246,0.0,eva_mega_convnext_evaheavy_globalminmax_sq,trainval_gallery,EVA-02,score_fusion
Tomas,9,0.9835104440840207,0.9991978731989006,1.0,1.0,0.01568742911487997,0.0,eva_convnext_megadescriptor_weighted_globalminmax_sq,trainval_gallery,EVA-02,score_fusion
Ariely,8,0.7960757334375687,0.8115435912003598,1.0,1.0,0.015467857762791137,0.0,eva_miew_megadescriptor_evaheavy_globalminmax_sq,trainval_gallery,EVA-02,score_fusion
Tomas,9,0.9835104440840207,0.9984962047046112,1.0,1.0,0.014985760620590538,0.0,eva_miew_megadescriptor_evaheavy_globalminmax_sq,trainval_gallery,EVA-02,score_fusion
Tomas,9,0.9835104440840207,0.9983404375497325,1.0,1.0,0.014829993465711788,0.0,eva_miew_convnext_weighted_globalminmax_sq,trainval_gallery,EVA-02,score_fusion
Ousado,34,0.911685406965865,0.9260226068057333,1.0,1.0,0.014337199839868364,0.0,eva_miew_megadescriptor_evaheavy_globalminmax_sq,trainval_gallery,EVA-02,score_fusion
Tomas,9,0.9835104440840207,0.997795939862166,1.0,1.0,0.014285495778145307,0.0,eva_miew_convnext_miewheavy_globalminmax_sq,trainval_gallery,EVA-02,score_fusion
Ousado,34,0.911685406965865,0.925914961193588,1.0,1.0,0.014229554227722985,0.0,eva_miew_convnext_weighted_globalminmax_sq,trainval_gallery,EVA-02,score_fusion
Tomas,9,0.9835104440840207,0.9965450023749436,1.0,1.0,0.013034558290922926,0.0,eva_miew_dinosmall_weighted_globalminmax_sq,trainval_gallery,EVA-02,score_fusion
Tomas,9,0.9835104440840207,0.9963134098441127,1.0,1.0,0.012802965760091989,0.0,eva_miew_dinov2base_equal_globalminmax_sq,trainval_gallery,EVA-02,embedding_concat
Bagua,4,0.3019747238005573,0.31451448010026894,0.75,0.75,0.012539756299711657,0.0,eva_convnext_megadescriptor_weighted_globalminmax_sq,trainval_gallery,EVA-02,score_fusion
Tomas,9,0.9835104440840207,0.994849664194919,1.0,1.0,0.011339220110898385,0.0,eva_miew_efficientnet_weighted_globalminmax_sq,trainval_gallery,EVA-02,embedding_concat
Akaloi,2,0.8891240839770251,0.8997513498152885,1.0,1.0,0.010627265838263344,0.0,eva_miew_convnext_miewheavy_globalminmax_sq,trainval_gallery,EVA-02,score_fusion
Bernard,4,0.12750137098632128,0.13721687318474038,0.75,0.75,0.009715502198419101,0.0,eva_miew_dinosmall_weighted_globalminmax_sq,trainval_gallery,EVA-02,score_fusion
Ousado,34,0.911685406965865,0.9194905850364798,1.0,1.0,0.007805178070614871,0.0,eva_miew_efficientnet_weighted_globalminmax_sq,trainval_gallery,EVA-02,embedding_concat
Solar,11,0.957889297690955,0.9640364305176324,1.0,1.0,0.006147132826677448,0.0,eva_convnext_megadescriptor_weighted_globalminmax_sq,trainval_gallery,EVA-02,score_fusion
Ousado,34,0.911685406965865,0.9169186079835562,1.0,1.0,0.0052332010176912025,0.0,eva_miew_dinov2base_equal_globalminmax_sq,trainval_gallery,EVA-02,embedding_concat
Madalena,9,0.9933493997503658,0.9971422574562673,1.0,1.0,0.0037928577059014312,0.0,eva_miew_efficientnet_weighted_globalminmax_sq,trainval_gallery,EVA-02,embedding_concat
Bororo,5,0.6727559502719578,0.6753293955506456,1.0,1.0,0.002573445278687858,0.0,eva_mega_convnext_evaheavy_globalminmax_sq,trainval_gallery,EVA-02,score_fusion
Estella,3,0.9984126984126984,1.0,1.0,1.0,0.0015873015873015817,0.0,eva_miew_convnext_weighted_globalminmax_sq,trainval_gallery,EVA-02,score_fusion
Estella,3,0.9984126984126984,1.0,1.0,1.0,0.0015873015873015817,0.0,eva_miew_dinosmall_weighted_globalminmax_sq,trainval_gallery,EVA-02,score_fusion
Estella,3,0.9984126984126984,1.0,1.0,1.0,0.0015873015873015817,0.0,eva_miew_efficientnet_weighted_globalminmax_sq,trainval_gallery,EVA-02,embedding_concat
Estella,3,0.9984126984126984,1.0,1.0,1.0,0.0015873015873015817,0.0,eva_mega_convnext_evaheavy_globalminmax_sq,trainval_gallery,EVA-02,score_fusion
Madalena,9,0.9933493997503658,0.9933856140493034,1.0,1.0,3.621429893752026e-05,0.0,eva_miew_dinosmall_weighted_globalminmax_sq,trainval_gallery,EVA-02,score_fusion
Medrosa,33,0.8782071200371621,0.8753846062193592,0.8787878787878788,0.9090909090909091,-0.002822513817802852,0.030303030303030276,eva_miew_efficientnet_weighted_globalminmax_sq,trainval_gallery,EVA-02,embedding_concat
Ousado,34,0.911685406965865,0.9085983174914054,1.0,1.0,-0.00308708947445957,0.0,eva_miew_convnext_equal_globalminmax_sq,trainval_gallery,EVA-02,score_fusion
Ousado,34,0.911685406965865,0.9085983174914054,1.0,1.0,-0.00308708947445957,0.0,eva_miew_convnext_equal_rowminmax_sq,trainval_gallery,EVA-02,score_fusion
Estella,3,0.9984126984126984,0.9940476190476191,1.0,1.0,-0.00436507936507935,0.0,eva_miew_dinov2base_equal_globalminmax_sq,trainval_gallery,EVA-02,embedding_concat
Madalena,9,0.9933493997503658,0.988759276056774,1.0,1.0,-0.004590123693591797,0.0,eva_miew_megadescriptor_evaheavy_globalminmax_sq,trainval_gallery,EVA-02,score_fusion
Medrosa,33,0.8782071200371621,0.8726411846346505,0.8787878787878788,0.9393939393939394,-0.0055659354025116015,0.06060606060606066,eva_convnext_megadescriptor_weighted_globalminmax_sq,trainval_gallery,EVA-02,score_fusion
Ousado,34,0.911685406965865,0.9060283565642459,1.0,1.0,-0.005657050401619124,0.0,eva_convnext_megadescriptor_weighted_globalminmax_sq,trainval_gallery,EVA-02,score_fusion
Estella,3,0.9984126984126984,0.9894179894179894,1.0,1.0,-0.008994708994709,0.0,eva_miew_convnext_miewheavy_globalminmax_sq,trainval_gallery,EVA-02,score_fusion
Estella,3,0.9984126984126984,0.9894179894179894,1.0,1.0,-0.008994708994709,0.0,eva_miew_convnext_equal_globalminmax_sq,trainval_gallery,EVA-02,score_fusion
Estella,3,0.9984126984126984,0.9894179894179894,1.0,1.0,-0.008994708994709,0.0,eva_miew_convnext_equal_rowminmax_sq,trainval_gallery,EVA-02,score_fusion
Ousado,34,0.911685406965865,0.9022624125306242,1.0,0.9705882352941176,-0.00942299443524075,-0.02941176470588236,eva_miew_convnext_miewheavy_globalminmax_sq,trainval_gallery,EVA-02,score_fusion
Medrosa,33,0.8782071200371621,0.867509830703503,0.8787878787878788,0.8787878787878788,-0.010697289333659099,0.0,eva_miew_dinov2base_equal_globalminmax_sq,trainval_gallery,EVA-02,embedding_concat
Estella,3,0.9984126984126984,0.9857142857142858,1.0,1.0,-0.012698412698412653,0.0,eva_miew_megadescriptor_evaheavy_globalminmax_sq,trainval_gallery,EVA-02,score_fusion
Alira,6,0.574528525597665,0.5610621996189376,1.0,0.6666666666666666,-0.013466325978727434,-0.33333333333333337,eva_miew_dinosmall_weighted_globalminmax_sq,trainval_gallery,EVA-02,score_fusion
Medrosa,33,0.8782071200371621,0.864270593232384,0.8787878787878788,0.9393939393939394,-0.013936526804778082,0.06060606060606066,eva_mega_convnext_evaheavy_globalminmax_sq,trainval_gallery,EVA-02,score_fusion
Medrosa,33,0.8782071200371621,0.8627716029665554,0.8787878787878788,0.9393939393939394,-0.015435517070606641,0.06060606060606066,eva_miew_convnext_weighted_globalminmax_sq,trainval_gallery,EVA-02,score_fusion
Jaju,21,0.561970288276139,0.5459839089989759,0.8571428571428571,0.8571428571428571,-0.015986379277163176,0.0,eva_convnext_megadescriptor_weighted_globalminmax_sq,trainval_gallery,EVA-02,score_fusion
Oxum,2,0.7602268344755556,0.7432167716631248,1.0,1.0,-0.017010062812430782,0.0,eva_miew_convnext_miewheavy_globalminmax_sq,trainval_gallery,EVA-02,score_fusion
Madalena,9,0.9933493997503658,0.9732995147939394,1.0,1.0,-0.020049884956426456,0.0,eva_miew_dinov2base_equal_globalminmax_sq,trainval_gallery,EVA-02,embedding_concat
Bororo,5,0.6727559502719578,0.6517036290910669,1.0,1.0,-0.021052321180890843,0.0,eva_miew_dinov2base_equal_globalminmax_sq,trainval_gallery,EVA-02,embedding_concat
Ipepo,2,0.3595660304485344,0.3363729172390148,0.5,0.5,-0.02319311320951961,0.0,eva_miew_megadescriptor_evaheavy_globalminmax_sq,trainval_gallery,EVA-02,score_fusion
Madalena,9,0.9933493997503658,0.9698896873823338,1.0,1.0,-0.023459712368032015,0.0,eva_miew_convnext_weighted_globalminmax_sq,trainval_gallery,EVA-02,score_fusion
Alira,6,0.574528525597665,0.5476033063637973,1.0,0.6666666666666666,-0.026925219233867703,-0.33333333333333337,eva_miew_efficientnet_weighted_globalminmax_sq,trainval_gallery,EVA-02,embedding_concat
Ti,11,0.7925182321625183,0.7644016942186102,1.0,1.0,-0.028116537943908115,0.0,eva_convnext_megadescriptor_weighted_globalminmax_sq,trainval_gallery,EVA-02,score_fusion
Estella,3,0.9984126984126984,0.96984126984127,1.0,1.0,-0.02857142857142847,0.0,eva_convnext_megadescriptor_weighted_globalminmax_sq,trainval_gallery,EVA-02,score_fusion
Bororo,5,0.6727559502719578,0.6393311305449154,1.0,0.8,-0.033424819727042365,-0.19999999999999996,eva_miew_megadescriptor_evaheavy_globalminmax_sq,trainval_gallery,EVA-02,score_fusion
Ariely,8,0.7960757334375687,0.7606103511001094,1.0,1.0,-0.03546538233745922,0.0,eva_convnext_megadescriptor_weighted_globalminmax_sq,trainval_gallery,EVA-02,score_fusion
Ipepo,2,0.3595660304485344,0.31813448561636964,0.5,0.5,-0.04143154483216477,0.0,eva_convnext_megadescriptor_weighted_globalminmax_sq,trainval_gallery,EVA-02,score_fusion
Medrosa,33,0.8782071200371621,0.8360222444758435,0.8787878787878788,0.9090909090909091,-0.04218487556131856,0.030303030303030276,eva_miew_convnext_equal_globalminmax_sq,trainval_gallery,EVA-02,score_fusion
Medrosa,33,0.8782071200371621,0.8360222444758435,0.8787878787878788,0.9090909090909091,-0.04218487556131856,0.030303030303030276,eva_miew_convnext_equal_rowminmax_sq,trainval_gallery,EVA-02,score_fusion
Patricia,3,0.1128948373330198,0.07035720193902387,0.0,0.0,-0.04253763539399594,0.0,eva_miew_efficientnet_weighted_globalminmax_sq,trainval_gallery,EVA-02,embedding_concat
Madalena,9,0.9933493997503658,0.9494445209470421,1.0,1.0,-0.04390487880332372,0.0,eva_mega_convnext_evaheavy_globalminmax_sq,trainval_gallery,EVA-02,score_fusion
Oxum,2,0.7602268344755556,0.7161028673061718,1.0,1.0,-0.044123967169383826,0.0,eva_miew_efficientnet_weighted_globalminmax_sq,trainval_gallery,EVA-02,embedding_concat
Medrosa,33,0.8782071200371621,0.8316793998181832,0.8787878787878788,0.9393939393939394,-0.046527720218978885,0.06060606060606066,eva_miew_convnext_miewheavy_globalminmax_sq,trainval_gallery,EVA-02,score_fusion
Bororo,5,0.6727559502719578,0.6262227834361547,1.0,1.0,-0.04653316683580311,0.0,eva_miew_dinosmall_weighted_globalminmax_sq,trainval_gallery,EVA-02,score_fusion
Bororo,5,0.6727559502719578,0.6259409744123705,1.0,1.0,-0.04681497585958727,0.0,eva_miew_convnext_weighted_globalminmax_sq,trainval_gallery,EVA-02,score_fusion
Oxum,2,0.7602268344755556,0.7116629121667881,1.0,1.0,-0.04856392230876749,0.0,eva_convnext_megadescriptor_weighted_globalminmax_sq,trainval_gallery,EVA-02,score_fusion
Oxum,2,0.7602268344755556,0.7103643461683311,1.0,1.0,-0.049862488307224506,0.0,eva_miew_dinov2base_equal_globalminmax_sq,trainval_gallery,EVA-02,embedding_concat
Patricia,3,0.1128948373330198,0.048753366380642295,0.0,0.0,-0.06414147095237752,0.0,eva_mega_convnext_evaheavy_globalminmax_sq,trainval_gallery,EVA-02,score_fusion
Patricia,3,0.1128948373330198,0.046168292396239374,0.0,0.0,-0.06672654493678043,0.0,eva_miew_convnext_weighted_globalminmax_sq,trainval_gallery,EVA-02,score_fusion
Patricia,3,0.1128948373330198,0.0386628723399184,0.0,0.0,-0.0742319649931014,0.0,eva_miew_convnext_miewheavy_globalminmax_sq,trainval_gallery,EVA-02,score_fusion
Patricia,3,0.1128948373330198,0.0386208358762349,0.0,0.0,-0.0742740014567849,0.0,eva_miew_dinosmall_weighted_globalminmax_sq,trainval_gallery,EVA-02,score_fusion
Bororo,5,0.6727559502719578,0.5968000098508129,1.0,1.0,-0.07595594042114484,0.0,eva_miew_efficientnet_weighted_globalminmax_sq,trainval_gallery,EVA-02,embedding_concat
Patricia,3,0.1128948373330198,0.0330042130119939,0.0,0.0,-0.0798906243210259,0.0,eva_miew_dinov2base_equal_globalminmax_sq,trainval_gallery,EVA-02,embedding_concat
Patricia,3,0.1128948373330198,0.03252069077742207,0.0,0.0,-0.08037414655559774,0.0,eva_miew_convnext_equal_globalminmax_sq,trainval_gallery,EVA-02,score_fusion
Patricia,3,0.1128948373330198,0.03252069077742207,0.0,0.0,-0.08037414655559774,0.0,eva_miew_convnext_equal_rowminmax_sq,trainval_gallery,EVA-02,score_fusion
Patricia,3,0.1128948373330198,0.029341354874670895,0.0,0.0,-0.08355348245834891,0.0,eva_miew_megadescriptor_evaheavy_globalminmax_sq,trainval_gallery,EVA-02,score_fusion
Patricia,3,0.1128948373330198,0.01889372924984393,0.0,0.0,-0.09400110808317587,0.0,eva_convnext_megadescriptor_weighted_globalminmax_sq,trainval_gallery,EVA-02,score_fusion
Bororo,5,0.6727559502719578,0.5560166685962036,1.0,1.0,-0.1167392816757542,0.0,eva_miew_convnext_equal_globalminmax_sq,trainval_gallery,EVA-02,score_fusion
Bororo,5,0.6727559502719578,0.5560166685962036,1.0,1.0,-0.1167392816757542,0.0,eva_miew_convnext_equal_rowminmax_sq,trainval_gallery,EVA-02,score_fusion
Oxum,2,0.7602268344755556,0.6350702242444437,1.0,1.0,-0.1251566102311119,0.0,eva_miew_megadescriptor_evaheavy_globalminmax_sq,trainval_gallery,EVA-02,score_fusion
Madalena,9,0.9933493997503658,0.8545518102256411,1.0,1.0,-0.13879758952472476,0.0,eva_miew_convnext_miewheavy_globalminmax_sq,trainval_gallery,EVA-02,score_fusion
Bororo,5,0.6727559502719578,0.5176760027047324,1.0,1.0,-0.15507994756722543,0.0,eva_miew_convnext_miewheavy_globalminmax_sq,trainval_gallery,EVA-02,score_fusion
Bororo,5,0.6727559502719578,0.4954028284929775,1.0,0.6,-0.17735312177898027,-0.4,eva_convnext_megadescriptor_weighted_globalminmax_sq,trainval_gallery,EVA-02,score_fusion
Madalena,9,0.9933493997503658,0.7399102250960126,1.0,0.7777777777777778,-0.2534391746543533,-0.2222222222222222,eva_miew_convnext_equal_globalminmax_sq,trainval_gallery,EVA-02,score_fusion
Madalena,9,0.9933493997503658,0.7399102250960126,1.0,0.7777777777777778,-0.2534391746543533,-0.2222222222222222,eva_miew_convnext_equal_rowminmax_sq,trainval_gallery,EVA-02,score_fusion
Madalena,9,0.9933493997503658,0.6914604718887163,1.0,1.0,-0.30188892786164956,0.0,eva_convnext_megadescriptor_weighted_globalminmax_sq,trainval_gallery,EVA-02,score_fusion
Ipepo,2,0.3595660304485344,0.04570875652390225,0.5,0.0,-0.31385727392463214,-0.5,eva_miew_dinosmall_weighted_globalminmax_sq,trainval_gallery,EVA-02,score_fusion
Ipepo,2,0.3595660304485344,0.040462985082819,0.5,0.0,-0.31910304536571543,-0.5,eva_miew_dinov2base_equal_globalminmax_sq,trainval_gallery,EVA-02,embedding_concat
Ipepo,2,0.3595660304485344,0.03788840656706035,0.5,0.0,-0.3216776238814741,-0.5,eva_mega_convnext_evaheavy_globalminmax_sq,trainval_gallery,EVA-02,score_fusion
Ipepo,2,0.3595660304485344,0.0280007784850415,0.5,0.0,-0.3315652519634929,-0.5,eva_miew_efficientnet_weighted_globalminmax_sq,trainval_gallery,EVA-02,embedding_concat
Ipepo,2,0.3595660304485344,0.02466997813358235,0.5,0.0,-0.33489605231495206,-0.5,eva_miew_convnext_weighted_globalminmax_sq,trainval_gallery,EVA-02,score_fusion
Ipepo,2,0.3595660304485344,0.021397086655592902,0.5,0.0,-0.3381689437929415,-0.5,eva_miew_convnext_equal_globalminmax_sq,trainval_gallery,EVA-02,score_fusion
Ipepo,2,0.3595660304485344,0.021397086655592902,0.5,0.0,-0.3381689437929415,-0.5,eva_miew_convnext_equal_rowminmax_sq,trainval_gallery,EVA-02,score_fusion
Ipepo,2,0.3595660304485344,0.015929931180333548,0.5,0.0,-0.3436360992682009,-0.5,eva_miew_convnext_miewheavy_globalminmax_sq,trainval_gallery,EVA-02,score_fusion
Pollyanna,6,0.1815376339443248,1.0,0.16666666666666666,1.0,0.8184623660556752,0.8333333333333334,eva_miew_convnext_weighted_globalminmax_sq,valonly_gallery,EVA-02,score_fusion
Pollyanna,6,0.1815376339443248,1.0,0.16666666666666666,1.0,0.8184623660556752,0.8333333333333334,eva_miew_convnext_miewheavy_globalminmax_sq,valonly_gallery,EVA-02,score_fusion
Pollyanna,6,0.1815376339443248,0.986111111111111,0.16666666666666666,1.0,0.8045734771667863,0.8333333333333334,eva_miew_dinov2base_equal_globalminmax_sq,valonly_gallery,EVA-02,embedding_concat
Pollyanna,6,0.1815376339443248,0.9722222222222222,0.16666666666666666,1.0,0.7906845882778974,0.8333333333333334,eva_miew_convnext_equal_globalminmax_sq,valonly_gallery,EVA-02,score_fusion
Pollyanna,6,0.1815376339443248,0.9722222222222222,0.16666666666666666,1.0,0.7906845882778974,0.8333333333333334,eva_miew_convnext_equal_rowminmax_sq,valonly_gallery,EVA-02,score_fusion
Pollyanna,6,0.1815376339443248,0.9722222222222222,0.16666666666666666,1.0,0.7906845882778974,0.8333333333333334,eva_miew_megadescriptor_evaheavy_globalminmax_sq,valonly_gallery,EVA-02,score_fusion
Pollyanna,6,0.1815376339443248,0.9694444444444444,0.16666666666666666,1.0,0.7879068105001197,0.8333333333333334,eva_miew_dinosmall_weighted_globalminmax_sq,valonly_gallery,EVA-02,score_fusion
Pollyanna,6,0.1815376339443248,0.9694444444444444,0.16666666666666666,1.0,0.7879068105001197,0.8333333333333334,eva_miew_efficientnet_weighted_globalminmax_sq,valonly_gallery,EVA-02,embedding_concat
Pollyanna,6,0.1815376339443248,0.9333333333333332,0.16666666666666666,1.0,0.7517956993890085,0.8333333333333334,eva_convnext_megadescriptor_weighted_globalminmax_sq,valonly_gallery,EVA-02,score_fusion
Pollyanna,6,0.1815376339443248,0.8935185185185185,0.16666666666666666,1.0,0.7119808845741937,0.8333333333333334,eva_mega_convnext_evaheavy_globalminmax_sq,valonly_gallery,EVA-02,score_fusion
Pixana,5,0.4499542124542124,0.9733333333333334,0.2,1.0,0.523379120879121,0.8,eva_miew_convnext_equal_globalminmax_sq,valonly_gallery,EVA-02,score_fusion
Pixana,5,0.4499542124542124,0.9733333333333334,0.2,1.0,0.523379120879121,0.8,eva_miew_convnext_equal_rowminmax_sq,valonly_gallery,EVA-02,score_fusion
Pixana,5,0.4499542124542124,0.9222222222222222,0.2,1.0,0.47226800976800976,0.8,eva_miew_convnext_weighted_globalminmax_sq,valonly_gallery,EVA-02,score_fusion
Pixana,5,0.4499542124542124,0.9222222222222222,0.2,1.0,0.47226800976800976,0.8,eva_mega_convnext_evaheavy_globalminmax_sq,valonly_gallery,EVA-02,score_fusion
Pixana,5,0.4499542124542124,0.89,0.2,1.0,0.4400457875457876,0.8,eva_miew_convnext_miewheavy_globalminmax_sq,valonly_gallery,EVA-02,score_fusion
Overa,8,0.30837146716052877,0.7362986482471776,0.5,1.0,0.42792718108664884,0.5,eva_miew_convnext_miewheavy_globalminmax_sq,valonly_gallery,EVA-02,score_fusion
Overa,8,0.30837146716052877,0.6991529127462719,0.5,1.0,0.3907814455857431,0.5,eva_miew_dinov2base_equal_globalminmax_sq,valonly_gallery,EVA-02,embedding_concat
Pixana,5,0.4499542124542124,0.8111111111111111,0.2,0.8,0.3611568986568987,0.6000000000000001,eva_miew_efficientnet_weighted_globalminmax_sq,valonly_gallery,EVA-02,embedding_concat
Overa,8,0.30837146716052877,0.634983535254544,0.5,1.0,0.3266120680940152,0.5,eva_miew_megadescriptor_evaheavy_globalminmax_sq,valonly_gallery,EVA-02,score_fusion
Alira,6,0.2165070244607429,0.5390235302332077,0.16666666666666666,0.5,0.3225165057724648,0.33333333333333337,eva_convnext_megadescriptor_weighted_globalminmax_sq,valonly_gallery,EVA-02,score_fusion
Jaju,21,0.41942233834633635,0.7405641851106116,0.9047619047619048,0.8571428571428571,0.32114184676427526,-0.04761904761904767,eva_miew_convnext_miewheavy_globalminmax_sq,valonly_gallery,EVA-02,score_fusion
Overa,8,0.30837146716052877,0.6233901617484882,0.5,1.0,0.3150186945879594,0.5,eva_miew_efficientnet_weighted_globalminmax_sq,valonly_gallery,EVA-02,embedding_concat
Overa,8,0.30837146716052877,0.6214453003395943,0.5,1.0,0.31307383317906556,0.5,eva_miew_convnext_weighted_globalminmax_sq,valonly_gallery,EVA-02,score_fusion
Overa,8,0.30837146716052877,0.6106296849963888,0.5,1.0,0.30225821783586004,0.5,eva_miew_dinosmall_weighted_globalminmax_sq,valonly_gallery,EVA-02,score_fusion
Jaju,21,0.41942233834633635,0.7215648331017379,0.9047619047619048,0.8571428571428571,0.30214249475540156,-0.04761904761904767,eva_miew_convnext_weighted_globalminmax_sq,valonly_gallery,EVA-02,score_fusion
Jaju,21,0.41942233834633635,0.715645284654632,0.9047619047619048,0.8571428571428571,0.2962229463082956,-0.04761904761904767,eva_miew_convnext_equal_globalminmax_sq,valonly_gallery,EVA-02,score_fusion
Jaju,21,0.41942233834633635,0.715645284654632,0.9047619047619048,0.8571428571428571,0.2962229463082956,-0.04761904761904767,eva_miew_convnext_equal_rowminmax_sq,valonly_gallery,EVA-02,score_fusion
Jaju,21,0.41942233834633635,0.7049711388259376,0.9047619047619048,0.8571428571428571,0.2855488004796013,-0.04761904761904767,eva_miew_efficientnet_weighted_globalminmax_sq,valonly_gallery,EVA-02,embedding_concat
Jaju,21,0.41942233834633635,0.6957692421616587,0.9047619047619048,0.8571428571428571,0.27634690381532234,-0.04761904761904767,eva_miew_dinosmall_weighted_globalminmax_sq,valonly_gallery,EVA-02,score_fusion
Jaju,21,0.41942233834633635,0.6845794704484796,0.9047619047619048,0.8095238095238095,0.2651571321021432,-0.09523809523809523,eva_miew_dinov2base_equal_globalminmax_sq,valonly_gallery,EVA-02,embedding_concat
Overa,8,0.30837146716052877,0.5638581567712759,0.5,0.75,0.25548668961074716,0.25,eva_miew_convnext_equal_globalminmax_sq,valonly_gallery,EVA-02,score_fusion
Overa,8,0.30837146716052877,0.5638581567712759,0.5,0.75,0.25548668961074716,0.25,eva_miew_convnext_equal_rowminmax_sq,valonly_gallery,EVA-02,score_fusion
Jaju,21,0.41942233834633635,0.6739602405992942,0.9047619047619048,0.8571428571428571,0.2545379022529578,-0.04761904761904767,eva_mega_convnext_evaheavy_globalminmax_sq,valonly_gallery,EVA-02,score_fusion
Benita,9,0.7203794933066165,0.9613058898773185,0.8888888888888888,1.0,0.24092639657070192,0.11111111111111116,eva_convnext_megadescriptor_weighted_globalminmax_sq,valonly_gallery,EVA-02,score_fusion
Alira,6,0.2165070244607429,0.4507677383476616,0.16666666666666666,0.5,0.2342607138869187,0.33333333333333337,eva_miew_convnext_equal_globalminmax_sq,valonly_gallery,EVA-02,score_fusion
Alira,6,0.2165070244607429,0.4507677383476616,0.16666666666666666,0.5,0.2342607138869187,0.33333333333333337,eva_miew_convnext_equal_rowminmax_sq,valonly_gallery,EVA-02,score_fusion
Benita,9,0.7203794933066165,0.9442675930771168,0.8888888888888888,1.0,0.22388809977050028,0.11111111111111116,eva_miew_megadescriptor_evaheavy_globalminmax_sq,valonly_gallery,EVA-02,score_fusion
Benita,9,0.7203794933066165,0.9421840958605665,0.8888888888888888,1.0,0.22180460255394996,0.11111111111111116,eva_miew_convnext_miewheavy_globalminmax_sq,valonly_gallery,EVA-02,score_fusion
Pixana,5,0.4499542124542124,0.6677513227513228,0.2,0.6,0.21779711029711035,0.39999999999999997,eva_miew_dinosmall_weighted_globalminmax_sq,valonly_gallery,EVA-02,score_fusion
Saseka,21,0.27091323101923687,0.48662060772255156,0.2857142857142857,0.5238095238095238,0.2157073767033147,0.23809523809523814,eva_miew_convnext_miewheavy_globalminmax_sq,valonly_gallery,EVA-02,score_fusion
Pixana,5,0.4499542124542124,0.6614814814814814,0.2,0.6,0.21152726902726904,0.39999999999999997,eva_convnext_megadescriptor_weighted_globalminmax_sq,valonly_gallery,EVA-02,score_fusion
Overa,8,0.30837146716052877,0.5171629344681957,0.5,0.75,0.20879146730766696,0.25,eva_convnext_megadescriptor_weighted_globalminmax_sq,valonly_gallery,EVA-02,score_fusion
Alira,6,0.2165070244607429,0.41893793389805295,0.16666666666666666,0.6666666666666666,0.20243090943731004,0.5,eva_mega_convnext_evaheavy_globalminmax_sq,valonly_gallery,EVA-02,score_fusion
Benita,9,0.7203794933066165,0.9186771574726758,0.8888888888888888,1.0,0.1982976641660592,0.11111111111111116,eva_miew_convnext_equal_globalminmax_sq,valonly_gallery,EVA-02,score_fusion
Benita,9,0.7203794933066165,0.9186771574726758,0.8888888888888888,1.0,0.1982976641660592,0.11111111111111116,eva_miew_convnext_equal_rowminmax_sq,valonly_gallery,EVA-02,score_fusion
Saseka,21,0.27091323101923687,0.4680251361078585,0.2857142857142857,0.42857142857142855,0.19711190508862164,0.14285714285714285,eva_miew_convnext_equal_globalminmax_sq,valonly_gallery,EVA-02,score_fusion
Saseka,21,0.27091323101923687,0.4680251361078585,0.2857142857142857,0.42857142857142855,0.19711190508862164,0.14285714285714285,eva_miew_convnext_equal_rowminmax_sq,valonly_gallery,EVA-02,score_fusion
Benita,9,0.7203794933066165,0.9144769912627057,0.8888888888888888,1.0,0.1940974979560891,0.11111111111111116,eva_miew_convnext_weighted_globalminmax_sq,valonly_gallery,EVA-02,score_fusion
Marcela,32,0.601538334634913,0.7933671158706724,0.6875,0.9375,0.19182878123575942,0.25,eva_miew_convnext_miewheavy_globalminmax_sq,valonly_gallery,EVA-02,score_fusion
Katniss,9,0.33460863774110255,0.5261872831973707,0.4444444444444444,0.8888888888888888,0.19157864545626818,0.4444444444444444,eva_miew_dinov2base_equal_globalminmax_sq,valonly_gallery,EVA-02,embedding_concat
Benita,9,0.7203794933066165,0.9055604464007825,0.8888888888888888,0.8888888888888888,0.18518095309416593,0.0,eva_mega_convnext_evaheavy_globalminmax_sq,valonly_gallery,EVA-02,score_fusion
Saseka,21,0.27091323101923687,0.45428583868340133,0.2857142857142857,0.47619047619047616,0.18337260766416447,0.19047619047619047,eva_miew_convnext_weighted_globalminmax_sq,valonly_gallery,EVA-02,score_fusion
Katniss,9,0.33460863774110255,0.516274761942144,0.4444444444444444,0.8888888888888888,0.1816661242010414,0.4444444444444444,eva_convnext_megadescriptor_weighted_globalminmax_sq,valonly_gallery,EVA-02,score_fusion
Ti,11,0.6087162016669883,0.7894572226888648,0.6363636363636364,1.0,0.1807410210218765,0.36363636363636365,eva_miew_convnext_equal_globalminmax_sq,valonly_gallery,EVA-02,score_fusion
Ti,11,0.6087162016669883,0.7894572226888648,0.6363636363636364,1.0,0.1807410210218765,0.36363636363636365,eva_miew_convnext_equal_rowminmax_sq,valonly_gallery,EVA-02,score_fusion
Benita,9,0.7203794933066165,0.9003464348702445,0.8888888888888888,0.8888888888888888,0.1799669415636279,0.0,eva_miew_dinosmall_weighted_globalminmax_sq,valonly_gallery,EVA-02,score_fusion
Katniss,9,0.33460863774110255,0.5124582405310997,0.4444444444444444,0.8888888888888888,0.17784960278999712,0.4444444444444444,eva_miew_megadescriptor_evaheavy_globalminmax_sq,valonly_gallery,EVA-02,score_fusion
Marcela,32,0.601538334634913,0.777664435938272,0.6875,0.90625,0.17612610130335893,0.21875,eva_miew_convnext_equal_globalminmax_sq,valonly_gallery,EVA-02,score_fusion
Marcela,32,0.601538334634913,0.777664435938272,0.6875,0.90625,0.17612610130335893,0.21875,eva_miew_convnext_equal_rowminmax_sq,valonly_gallery,EVA-02,score_fusion
Katniss,9,0.33460863774110255,0.509313710080812,0.4444444444444444,0.8888888888888888,0.1747050723397095,0.4444444444444444,eva_miew_efficientnet_weighted_globalminmax_sq,valonly_gallery,EVA-02,embedding_concat
Katniss,9,0.33460863774110255,0.5088977664066391,0.4444444444444444,0.8888888888888888,0.17428912866553653,0.4444444444444444,eva_miew_convnext_miewheavy_globalminmax_sq,valonly_gallery,EVA-02,score_fusion
Katniss,9,0.33460863774110255,0.5085891701278211,0.4444444444444444,0.8888888888888888,0.17398053238671857,0.4444444444444444,eva_miew_convnext_equal_globalminmax_sq,valonly_gallery,EVA-02,score_fusion
Katniss,9,0.33460863774110255,0.5085891701278211,0.4444444444444444,0.8888888888888888,0.17398053238671857,0.4444444444444444,eva_miew_convnext_equal_rowminmax_sq,valonly_gallery,EVA-02,score_fusion
Katniss,9,0.33460863774110255,0.508339314969406,0.4444444444444444,0.8888888888888888,0.17373067722830343,0.4444444444444444,eva_miew_convnext_weighted_globalminmax_sq,valonly_gallery,EVA-02,score_fusion
Marcela,32,0.601538334634913,0.7750064688855173,0.6875,0.9375,0.17346813425060426,0.25,eva_miew_convnext_weighted_globalminmax_sq,valonly_gallery,EVA-02,score_fusion
Katniss,9,0.33460863774110255,0.5080010466469997,0.4444444444444444,0.8888888888888888,0.1733924089058972,0.4444444444444444,eva_miew_dinosmall_weighted_globalminmax_sq,valonly_gallery,EVA-02,score_fusion
Katniss,9,0.33460863774110255,0.5079006162255327,0.4444444444444444,0.8888888888888888,0.17329197848443018,0.4444444444444444,eva_mega_convnext_evaheavy_globalminmax_sq,valonly_gallery,EVA-02,score_fusion
Saseka,21,0.27091323101923687,0.44102746477870863,0.2857142857142857,0.47619047619047616,0.17011423375947177,0.19047619047619047,eva_miew_dinosmall_weighted_globalminmax_sq,valonly_gallery,EVA-02,score_fusion
Alira,6,0.2165070244607429,0.3856948629620198,0.16666666666666666,0.6666666666666666,0.16918783850127692,0.5,eva_miew_convnext_miewheavy_globalminmax_sq,valonly_gallery,EVA-02,score_fusion
Jaju,21,0.41942233834633635,0.5875492711742902,0.9047619047619048,0.8571428571428571,0.16812693282795388,-0.04761904761904767,eva_miew_megadescriptor_evaheavy_globalminmax_sq,valonly_gallery,EVA-02,score_fusion
Overa,8,0.30837146716052877,0.47476065231701225,0.5,0.75,0.1663891851564835,0.25,eva_mega_convnext_evaheavy_globalminmax_sq,valonly_gallery,EVA-02,score_fusion
Marcela,32,0.601538334634913,0.7654700465159069,0.6875,0.90625,0.16393171188099387,0.21875,eva_miew_dinosmall_weighted_globalminmax_sq,valonly_gallery,EVA-02,score_fusion
Abril,3,0.015264152093679767,0.16452991452991447,0.0,0.0,0.1492657624362347,0.0,eva_miew_convnext_equal_globalminmax_sq,valonly_gallery,EVA-02,score_fusion
Abril,3,0.015264152093679767,0.16452991452991447,0.0,0.0,0.1492657624362347,0.0,eva_miew_convnext_equal_rowminmax_sq,valonly_gallery,EVA-02,score_fusion
Alira,6,0.2165070244607429,0.36290156797206863,0.16666666666666666,0.6666666666666666,0.14639454351132572,0.5,eva_miew_convnext_weighted_globalminmax_sq,valonly_gallery,EVA-02,score_fusion
Saseka,21,0.27091323101923687,0.4150822072503758,0.2857142857142857,0.47619047619047616,0.14416897623113895,0.19047619047619047,eva_miew_dinov2base_equal_globalminmax_sq,valonly_gallery,EVA-02,embedding_concat
Marcela,32,0.601538334634913,0.744596966273004,0.6875,0.9375,0.14305863163809096,0.25,eva_miew_efficientnet_weighted_globalminmax_sq,valonly_gallery,EVA-02,embedding_concat
Abril,3,0.015264152093679767,0.15579090001426324,0.0,0.0,0.14052674792058348,0.0,eva_miew_convnext_miewheavy_globalminmax_sq,valonly_gallery,EVA-02,score_fusion
Alira,6,0.2165070244607429,0.3569104211065773,0.16666666666666666,0.6666666666666666,0.14040339664583437,0.5,eva_miew_megadescriptor_evaheavy_globalminmax_sq,valonly_gallery,EVA-02,score_fusion
Saseka,21,0.27091323101923687,0.40855661178369956,0.2857142857142857,0.42857142857142855,0.1376433807644627,0.14285714285714285,eva_mega_convnext_evaheavy_globalminmax_sq,valonly_gallery,EVA-02,score_fusion
Marcela,32,0.601538334634913,0.7374212050615322,0.6875,0.90625,0.13588287042661917,0.21875,eva_mega_convnext_evaheavy_globalminmax_sq,valonly_gallery,EVA-02,score_fusion
Marcela,32,0.601538334634913,0.73252519899891,0.6875,0.71875,0.13098686436399698,0.03125,eva_miew_megadescriptor_evaheavy_globalminmax_sq,valonly_gallery,EVA-02,score_fusion
Ti,11,0.6087162016669883,0.7384932243780642,0.6363636363636364,0.6363636363636364,0.12977702271107594,0.0,eva_miew_dinosmall_weighted_globalminmax_sq,valonly_gallery,EVA-02,score_fusion
Saseka,21,0.27091323101923687,0.3976734570459917,0.2857142857142857,0.42857142857142855,0.12676022602675485,0.14285714285714285,eva_miew_efficientnet_weighted_globalminmax_sq,valonly_gallery,EVA-02,embedding_concat
Ti,11,0.6087162016669883,0.732378753487762,0.6363636363636364,0.8181818181818182,0.12366255182077379,0.18181818181818188,eva_miew_convnext_weighted_globalminmax_sq,valonly_gallery,EVA-02,score_fusion
Benita,9,0.7203794933066165,0.8430960133341086,0.8888888888888888,1.0,0.122716520027492,0.11111111111111116,eva_miew_efficientnet_weighted_globalminmax_sq,valonly_gallery,EVA-02,embedding_concat
Bororo,5,0.7555555555555555,0.8777777777777779,0.8,0.8,0.12222222222222234,0.0,eva_mega_convnext_evaheavy_globalminmax_sq,valonly_gallery,EVA-02,score_fusion
Ti,11,0.6087162016669883,0.7306442382925605,0.6363636363636364,0.9090909090909091,0.12192803662557228,0.2727272727272727,eva_mega_convnext_evaheavy_globalminmax_sq,valonly_gallery,EVA-02,score_fusion
Ti,11,0.6087162016669883,0.729162395461761,0.6363636363636364,0.7272727272727273,0.12044619379477273,0.09090909090909094,eva_miew_convnext_miewheavy_globalminmax_sq,valonly_gallery,EVA-02,score_fusion
Alira,6,0.2165070244607429,0.3317075803120468,0.16666666666666666,0.6666666666666666,0.11520055585130387,0.5,eva_miew_dinov2base_equal_globalminmax_sq,valonly_gallery,EVA-02,embedding_concat
Benita,9,0.7203794933066165,0.8312863180323498,0.8888888888888888,0.8888888888888888,0.11090682472573321,0.0,eva_miew_dinov2base_equal_globalminmax_sq,valonly_gallery,EVA-02,embedding_concat
Marcela,32,0.601538334634913,0.7034508283622929,0.6875,0.875,0.10191249372737987,0.1875,eva_convnext_megadescriptor_weighted_globalminmax_sq,valonly_gallery,EVA-02,score_fusion
Kamaikua,26,0.8879223647684416,0.9828036728599883,0.9615384615384616,1.0,0.09488130809154671,0.038461538461538436,eva_miew_convnext_equal_globalminmax_sq,valonly_gallery,EVA-02,score_fusion
Kamaikua,26,0.8879223647684416,0.9828036728599883,0.9615384615384616,1.0,0.09488130809154671,0.038461538461538436,eva_miew_convnext_equal_rowminmax_sq,valonly_gallery,EVA-02,score_fusion
Kamaikua,26,0.8879223647684416,0.9821801882725336,0.9615384615384616,1.0,0.09425782350409206,0.038461538461538436,eva_mega_convnext_evaheavy_globalminmax_sq,valonly_gallery,EVA-02,score_fusion
Marcela,32,0.601538334634913,0.6913794147854898,0.6875,0.9375,0.08984108015057679,0.25,eva_miew_dinov2base_equal_globalminmax_sq,valonly_gallery,EVA-02,embedding_concat
Kamaikua,26,0.8879223647684416,0.9751666173895395,0.9615384615384616,1.0,0.08724425262109792,0.038461538461538436,eva_miew_convnext_weighted_globalminmax_sq,valonly_gallery,EVA-02,score_fusion
Kamaikua,26,0.8879223647684416,0.9705275623148449,0.9615384615384616,1.0,0.08260519754640339,0.038461538461538436,eva_miew_dinosmall_weighted_globalminmax_sq,valonly_gallery,EVA-02,score_fusion
Alira,6,0.2165070244607429,0.2985744453503468,0.16666666666666666,0.5,0.08206742088960386,0.33333333333333337,eva_miew_dinosmall_weighted_globalminmax_sq,valonly_gallery,EVA-02,score_fusion
Lua,18,0.923092190905687,1.0,0.8888888888888888,1.0,0.07690780909431305,0.11111111111111116,eva_miew_convnext_weighted_globalminmax_sq,valonly_gallery,EVA-02,score_fusion
Lua,18,0.923092190905687,1.0,0.8888888888888888,1.0,0.07690780909431305,0.11111111111111116,eva_miew_convnext_miewheavy_globalminmax_sq,valonly_gallery,EVA-02,score_fusion
Lua,18,0.923092190905687,1.0,0.8888888888888888,1.0,0.07690780909431305,0.11111111111111116,eva_miew_dinosmall_weighted_globalminmax_sq,valonly_gallery,EVA-02,score_fusion
Lua,18,0.923092190905687,1.0,0.8888888888888888,1.0,0.07690780909431305,0.11111111111111116,eva_miew_convnext_equal_globalminmax_sq,valonly_gallery,EVA-02,score_fusion
Lua,18,0.923092190905687,1.0,0.8888888888888888,1.0,0.07690780909431305,0.11111111111111116,eva_miew_convnext_equal_rowminmax_sq,valonly_gallery,EVA-02,score_fusion
Lua,18,0.923092190905687,1.0,0.8888888888888888,1.0,0.07690780909431305,0.11111111111111116,eva_miew_efficientnet_weighted_globalminmax_sq,valonly_gallery,EVA-02,embedding_concat
Lua,18,0.923092190905687,1.0,0.8888888888888888,1.0,0.07690780909431305,0.11111111111111116,eva_miew_dinov2base_equal_globalminmax_sq,valonly_gallery,EVA-02,embedding_concat
Lua,18,0.923092190905687,0.9997957516339869,0.8888888888888888,1.0,0.07670356072829998,0.11111111111111116,eva_mega_convnext_evaheavy_globalminmax_sq,valonly_gallery,EVA-02,score_fusion
Ousado,34,0.8515934500883874,0.926698660366055,0.9117647058823529,0.9411764705882353,0.07510521027766759,0.02941176470588236,eva_miew_dinosmall_weighted_globalminmax_sq,valonly_gallery,EVA-02,score_fusion
Lua,18,0.923092190905687,0.9976983616306533,0.8888888888888888,1.0,0.07460617072496634,0.11111111111111116,eva_miew_megadescriptor_evaheavy_globalminmax_sq,valonly_gallery,EVA-02,score_fusion
Ousado,34,0.8515934500883874,0.9222244466428327,0.9117647058823529,0.9411764705882353,0.07063099655444527,0.02941176470588236,eva_miew_convnext_weighted_globalminmax_sq,valonly_gallery,EVA-02,score_fusion
Ousado,34,0.8515934500883874,0.9185236007804377,0.9117647058823529,0.9705882352941176,0.06693015069205033,0.05882352941176472,eva_mega_convnext_evaheavy_globalminmax_sq,valonly_gallery,EVA-02,score_fusion
Alira,6,0.2165070244607429,0.28087461689592635,0.16666666666666666,0.5,0.06436759243518345,0.33333333333333337,eva_miew_efficientnet_weighted_globalminmax_sq,valonly_gallery,EVA-02,embedding_concat
Kamaikua,26,0.8879223647684416,0.9483123929538829,0.9615384615384616,1.0,0.06039002818544137,0.038461538461538436,eva_miew_convnext_miewheavy_globalminmax_sq,valonly_gallery,EVA-02,score_fusion
Kamaikua,26,0.8879223647684416,0.9456342566966031,0.9615384615384616,1.0,0.05771189192816151,0.038461538461538436,eva_miew_efficientnet_weighted_globalminmax_sq,valonly_gallery,EVA-02,embedding_concat
Kwang,18,0.9415677461885854,0.9978547686881021,1.0,1.0,0.05628702249951667,0.0,eva_miew_efficientnet_weighted_globalminmax_sq,valonly_gallery,EVA-02,embedding_concat
Kamaikua,26,0.8879223647684416,0.9436609197600151,0.9615384615384616,1.0,0.05573855499157354,0.038461538461538436,eva_miew_dinov2base_equal_globalminmax_sq,valonly_gallery,EVA-02,embedding_concat
Kwang,18,0.9415677461885854,0.9971817216915255,1.0,1.0,0.055613975502940116,0.0,eva_miew_convnext_equal_globalminmax_sq,valonly_gallery,EVA-02,score_fusion
Kwang,18,0.9415677461885854,0.9971817216915255,1.0,1.0,0.055613975502940116,0.0,eva_miew_convnext_equal_rowminmax_sq,valonly_gallery,EVA-02,score_fusion
Kwang,18,0.9415677461885854,0.9970831637498304,1.0,1.0,0.055515417561245006,0.0,eva_miew_convnext_miewheavy_globalminmax_sq,valonly_gallery,EVA-02,score_fusion
Kwang,18,0.9415677461885854,0.9970789241622575,1.0,1.0,0.05551117797367211,0.0,eva_miew_convnext_weighted_globalminmax_sq,valonly_gallery,EVA-02,score_fusion
Ousado,34,0.8515934500883874,0.9069720802526948,0.9117647058823529,0.9411764705882353,0.05537863016430744,0.02941176470588236,eva_miew_dinov2base_equal_globalminmax_sq,valonly_gallery,EVA-02,embedding_concat
Kwang,18,0.9415677461885854,0.9957282913165266,1.0,1.0,0.05416054512794122,0.0,eva_miew_megadescriptor_evaheavy_globalminmax_sq,valonly_gallery,EVA-02,score_fusion
Lua,18,0.923092190905687,0.9771253441169093,0.8888888888888888,1.0,0.05403315321122237,0.11111111111111116,eva_convnext_megadescriptor_weighted_globalminmax_sq,valonly_gallery,EVA-02,score_fusion
Kwang,18,0.9415677461885854,0.9942542648150877,1.0,1.0,0.05268651862650231,0.0,eva_mega_convnext_evaheavy_globalminmax_sq,valonly_gallery,EVA-02,score_fusion
Kwang,18,0.9415677461885854,0.9935407432449352,1.0,1.0,0.051972997056349834,0.0,eva_miew_dinosmall_weighted_globalminmax_sq,valonly_gallery,EVA-02,score_fusion
Ousado,34,0.8515934500883874,0.9022385686978007,0.9117647058823529,0.9411764705882353,0.05064511860941334,0.02941176470588236,eva_miew_convnext_equal_globalminmax_sq,valonly_gallery,EVA-02,score_fusion
Ousado,34,0.8515934500883874,0.9022385686978007,0.9117647058823529,0.9411764705882353,0.05064511860941334,0.02941176470588236,eva_miew_convnext_equal_rowminmax_sq,valonly_gallery,EVA-02,score_fusion
Ousado,34,0.8515934500883874,0.9012465362543082,0.9117647058823529,0.9411764705882353,0.04965308616592079,0.02941176470588236,eva_miew_efficientnet_weighted_globalminmax_sq,valonly_gallery,EVA-02,embedding_concat
Ousado,34,0.8515934500883874,0.90041772947434,0.9117647058823529,0.9411764705882353,0.048824279385952574,0.02941176470588236,eva_miew_megadescriptor_evaheavy_globalminmax_sq,valonly_gallery,EVA-02,score_fusion
Medrosa,33,0.8521222031334764,0.9006100376218958,0.9393939393939394,0.9393939393939394,0.04848783448841942,0.0,eva_miew_megadescriptor_evaheavy_globalminmax_sq,valonly_gallery,EVA-02,score_fusion
Kwang,18,0.9415677461885854,0.9898436681172507,1.0,1.0,0.048275921928665255,0.0,eva_miew_dinov2base_equal_globalminmax_sq,valonly_gallery,EVA-02,embedding_concat
Ousado,34,0.8515934500883874,0.898897773225906,0.9117647058823529,0.9411764705882353,0.047304323137518645,0.02941176470588236,eva_miew_convnext_miewheavy_globalminmax_sq,valonly_gallery,EVA-02,score_fusion
Medrosa,33,0.8521222031334764,0.8988170354340357,0.9393939393939394,0.9393939393939394,0.046694832300559264,0.0,eva_miew_dinosmall_weighted_globalminmax_sq,valonly_gallery,EVA-02,score_fusion
Pixana,5,0.4499542124542124,0.4931346431346431,0.2,0.4,0.043180430680430704,0.2,eva_miew_megadescriptor_evaheavy_globalminmax_sq,valonly_gallery,EVA-02,score_fusion
Abril,3,0.015264152093679767,0.05542497625830956,0.0,0.0,0.040160824164629794,0.0,eva_miew_convnext_weighted_globalminmax_sq,valonly_gallery,EVA-02,score_fusion
Kwang,18,0.9415677461885854,0.98171038552123,1.0,1.0,0.040142639332644614,0.0,eva_convnext_megadescriptor_weighted_globalminmax_sq,valonly_gallery,EVA-02,score_fusion
Saseka,21,0.27091323101923687,0.30749219907234937,0.2857142857142857,0.3333333333333333,0.036578968053112504,0.047619047619047616,eva_miew_megadescriptor_evaheavy_globalminmax_sq,valonly_gallery,EVA-02,score_fusion
Ti,11,0.6087162016669883,0.6431727250002507,0.6363636363636364,0.6363636363636364,0.034456523333262434,0.0,eva_miew_dinov2base_equal_globalminmax_sq,valonly_gallery,EVA-02,embedding_concat
Abril,3,0.015264152093679767,0.04923669066710296,0.0,0.0,0.033972538573423194,0.0,eva_miew_dinov2base_equal_globalminmax_sq,valonly_gallery,EVA-02,embedding_concat
Abril,3,0.015264152093679767,0.04820105820105816,0.0,0.0,0.03293690610737839,0.0,eva_mega_convnext_evaheavy_globalminmax_sq,valonly_gallery,EVA-02,score_fusion
Jaju,21,0.41942233834633635,0.44763347956113236,0.9047619047619048,0.8571428571428571,0.02821114121479601,-0.04761904761904767,eva_convnext_megadescriptor_weighted_globalminmax_sq,valonly_gallery,EVA-02,score_fusion
Kamaikua,26,0.8879223647684416,0.9159206319089359,0.9615384615384616,1.0,0.02799826714049436,0.038461538461538436,eva_convnext_megadescriptor_weighted_globalminmax_sq,valonly_gallery,EVA-02,score_fusion
Medrosa,33,0.8521222031334764,0.8789365103382056,0.9393939393939394,0.9393939393939394,0.026814307204729215,0.0,eva_miew_efficientnet_weighted_globalminmax_sq,valonly_gallery,EVA-02,embedding_concat
Ti,11,0.6087162016669883,0.634622449211078,0.6363636363636364,0.6363636363636364,0.025906247544089767,0.0,eva_miew_efficientnet_weighted_globalminmax_sq,valonly_gallery,EVA-02,embedding_concat
Bernard,4,0.01546765263579415,0.040629781701377696,0.0,0.0,0.025162129065583544,0.0,eva_convnext_megadescriptor_weighted_globalminmax_sq,valonly_gallery,EVA-02,score_fusion
Kamaikua,26,0.8879223647684416,0.9084522806037092,0.9615384615384616,1.0,0.020529915835267643,0.038461538461538436,eva_miew_megadescriptor_evaheavy_globalminmax_sq,valonly_gallery,EVA-02,score_fusion
Medrosa,33,0.8521222031334764,0.8699054094935926,0.9393939393939394,0.9090909090909091,0.01778320636011621,-0.030303030303030387,eva_miew_dinov2base_equal_globalminmax_sq,valonly_gallery,EVA-02,embedding_concat
Abril,3,0.015264152093679767,0.0322303779750588,0.0,0.0,0.016966225881379034,0.0,eva_miew_dinosmall_weighted_globalminmax_sq,valonly_gallery,EVA-02,score_fusion
Medrosa,33,0.8521222031334764,0.8661822963204793,0.9393939393939394,0.9090909090909091,0.014060093187002853,-0.030303030303030387,eva_miew_convnext_weighted_globalminmax_sq,valonly_gallery,EVA-02,score_fusion
Bernard,4,0.01546765263579415,0.025923710058724774,0.0,0.0,0.010456057422930624,0.0,eva_miew_megadescriptor_evaheavy_globalminmax_sq,valonly_gallery,EVA-02,score_fusion
Bororo,5,0.7555555555555555,0.7653703703703704,0.8,0.8,0.009814814814814832,0.0,eva_miew_convnext_weighted_globalminmax_sq,valonly_gallery,EVA-02,score_fusion
Abril,3,0.015264152093679767,0.0250145386914625,0.0,0.0,0.009750386597782735,0.0,eva_miew_efficientnet_weighted_globalminmax_sq,valonly_gallery,EVA-02,embedding_concat
Ousado,34,0.8515934500883874,0.8593068598903782,0.9117647058823529,0.9411764705882353,0.007713409801990867,0.02941176470588236,eva_convnext_megadescriptor_weighted_globalminmax_sq,valonly_gallery,EVA-02,score_fusion
Solar,11,0.9955660501115046,1.0,1.0,1.0,0.0044339498884954365,0.0,eva_miew_convnext_weighted_globalminmax_sq,valonly_gallery,EVA-02,score_fusion
Solar,11,0.9955660501115046,1.0,1.0,1.0,0.0044339498884954365,0.0,eva_miew_convnext_miewheavy_globalminmax_sq,valonly_gallery,EVA-02,score_fusion
Solar,11,0.9955660501115046,1.0,1.0,1.0,0.0044339498884954365,0.0,eva_miew_dinosmall_weighted_globalminmax_sq,valonly_gallery,EVA-02,score_fusion
Solar,11,0.9955660501115046,1.0,1.0,1.0,0.0044339498884954365,0.0,eva_miew_convnext_equal_globalminmax_sq,valonly_gallery,EVA-02,score_fusion
Solar,11,0.9955660501115046,1.0,1.0,1.0,0.0044339498884954365,0.0,eva_miew_convnext_equal_rowminmax_sq,valonly_gallery,EVA-02,score_fusion
Solar,11,0.9955660501115046,1.0,1.0,1.0,0.0044339498884954365,0.0,eva_mega_convnext_evaheavy_globalminmax_sq,valonly_gallery,EVA-02,score_fusion
Solar,11,0.9955660501115046,1.0,1.0,1.0,0.0044339498884954365,0.0,eva_miew_efficientnet_weighted_globalminmax_sq,valonly_gallery,EVA-02,embedding_concat
Solar,11,0.9955660501115046,1.0,1.0,1.0,0.0044339498884954365,0.0,eva_miew_dinov2base_equal_globalminmax_sq,valonly_gallery,EVA-02,embedding_concat
Saseka,21,0.27091323101923687,0.2750008145339782,0.2857142857142857,0.2857142857142857,0.004087583514741311,0.0,eva_convnext_megadescriptor_weighted_globalminmax_sq,valonly_gallery,EVA-02,score_fusion
Ariely,8,0.6442261458661671,0.6470957366485087,0.875,0.875,0.0028695907823416134,0.0,eva_miew_dinosmall_weighted_globalminmax_sq,valonly_gallery,EVA-02,score_fusion
Medrosa,33,0.8521222031334764,0.8532779320427535,0.9393939393939394,0.9090909090909091,0.001155728909277065,-0.030303030303030387,eva_mega_convnext_evaheavy_globalminmax_sq,valonly_gallery,EVA-02,score_fusion
Madalena,9,1.0,1.0,1.0,1.0,0.0,0.0,eva_miew_convnext_weighted_globalminmax_sq,valonly_gallery,EVA-02,score_fusion
Estella,3,1.0,1.0,1.0,1.0,0.0,0.0,eva_miew_convnext_weighted_globalminmax_sq,valonly_gallery,EVA-02,score_fusion
Tomas,9,1.0,1.0,1.0,1.0,0.0,0.0,eva_miew_convnext_weighted_globalminmax_sq,valonly_gallery,EVA-02,score_fusion
Tomas,9,1.0,1.0,1.0,1.0,0.0,0.0,eva_miew_convnext_miewheavy_globalminmax_sq,valonly_gallery,EVA-02,score_fusion
Madalena,9,1.0,1.0,1.0,1.0,0.0,0.0,eva_miew_dinosmall_weighted_globalminmax_sq,valonly_gallery,EVA-02,score_fusion
Estella,3,1.0,1.0,1.0,1.0,0.0,0.0,eva_miew_dinosmall_weighted_globalminmax_sq,valonly_gallery,EVA-02,score_fusion
Tomas,9,1.0,1.0,1.0,1.0,0.0,0.0,eva_miew_dinosmall_weighted_globalminmax_sq,valonly_gallery,EVA-02,score_fusion
Tomas,9,1.0,1.0,1.0,1.0,0.0,0.0,eva_miew_convnext_equal_globalminmax_sq,valonly_gallery,EVA-02,score_fusion
Tomas,9,1.0,1.0,1.0,1.0,0.0,0.0,eva_miew_convnext_equal_rowminmax_sq,valonly_gallery,EVA-02,score_fusion
Estella,3,1.0,1.0,1.0,1.0,0.0,0.0,eva_mega_convnext_evaheavy_globalminmax_sq,valonly_gallery,EVA-02,score_fusion
Tomas,9,1.0,1.0,1.0,1.0,0.0,0.0,eva_mega_convnext_evaheavy_globalminmax_sq,valonly_gallery,EVA-02,score_fusion
Madalena,9,1.0,1.0,1.0,1.0,0.0,0.0,eva_miew_efficientnet_weighted_globalminmax_sq,valonly_gallery,EVA-02,embedding_concat
Estella,3,1.0,1.0,1.0,1.0,0.0,0.0,eva_miew_efficientnet_weighted_globalminmax_sq,valonly_gallery,EVA-02,embedding_concat
Tomas,9,1.0,1.0,1.0,1.0,0.0,0.0,eva_miew_efficientnet_weighted_globalminmax_sq,valonly_gallery,EVA-02,embedding_concat
Madalena,9,1.0,1.0,1.0,1.0,0.0,0.0,eva_miew_dinov2base_equal_globalminmax_sq,valonly_gallery,EVA-02,embedding_concat
Tomas,9,1.0,1.0,1.0,1.0,0.0,0.0,eva_miew_dinov2base_equal_globalminmax_sq,valonly_gallery,EVA-02,embedding_concat
Tomas,9,1.0,1.0,1.0,1.0,0.0,0.0,eva_miew_megadescriptor_evaheavy_globalminmax_sq,valonly_gallery,EVA-02,score_fusion
Madalena,9,1.0,1.0,1.0,1.0,0.0,0.0,eva_miew_megadescriptor_evaheavy_globalminmax_sq,valonly_gallery,EVA-02,score_fusion
Tomas,9,1.0,1.0,1.0,1.0,0.0,0.0,eva_convnext_megadescriptor_weighted_globalminmax_sq,valonly_gallery,EVA-02,score_fusion
Medrosa,33,0.8521222031334764,0.8517025544620227,0.9393939393939394,0.9393939393939394,-0.00041964867145372065,0.0,eva_convnext_megadescriptor_weighted_globalminmax_sq,valonly_gallery,EVA-02,score_fusion
Bernard,4,0.01546765263579415,0.014090501101703425,0.0,0.0,-0.0013771515340907248,0.0,eva_mega_convnext_evaheavy_globalminmax_sq,valonly_gallery,EVA-02,score_fusion
Solar,11,0.9955660501115046,0.9936353329210472,1.0,1.0,-0.0019307171904573428,0.0,eva_miew_megadescriptor_evaheavy_globalminmax_sq,valonly_gallery,EVA-02,score_fusion
Bernard,4,0.01546765263579415,0.013464516319201624,0.0,0.0,-0.0020031363165925256,0.0,eva_miew_dinov2base_equal_globalminmax_sq,valonly_gallery,EVA-02,embedding_concat
Bernard,4,0.01546765263579415,0.01297570850202425,0.0,0.0,-0.002491944133769901,0.0,eva_miew_convnext_equal_globalminmax_sq,valonly_gallery,EVA-02,score_fusion
Bernard,4,0.01546765263579415,0.01297570850202425,0.0,0.0,-0.002491944133769901,0.0,eva_miew_convnext_equal_rowminmax_sq,valonly_gallery,EVA-02,score_fusion
Bernard,4,0.01546765263579415,0.012042046739812125,0.0,0.0,-0.0034256058959820247,0.0,eva_miew_efficientnet_weighted_globalminmax_sq,valonly_gallery,EVA-02,embedding_concat
Bernard,4,0.01546765263579415,0.011737747101519775,0.0,0.0,-0.003729905534274375,0.0,eva_miew_convnext_weighted_globalminmax_sq,valonly_gallery,EVA-02,score_fusion
Ariely,8,0.6442261458661671,0.6402421710413052,0.875,0.875,-0.003983974824861902,0.0,eva_mega_convnext_evaheavy_globalminmax_sq,valonly_gallery,EVA-02,score_fusion
Bernard,4,0.01546765263579415,0.011076845727640726,0.0,0.0,-0.0043908069081534246,0.0,eva_miew_convnext_miewheavy_globalminmax_sq,valonly_gallery,EVA-02,score_fusion
Abril,3,0.015264152093679767,0.010839405235956898,0.0,0.0,-0.004424746857722869,0.0,eva_convnext_megadescriptor_weighted_globalminmax_sq,valonly_gallery,EVA-02,score_fusion
Abril,3,0.015264152093679767,0.010112753470604967,0.0,0.0,-0.0051513986230748,0.0,eva_miew_megadescriptor_evaheavy_globalminmax_sq,valonly_gallery,EVA-02,score_fusion
Bernard,4,0.01546765263579415,0.010021152101936324,0.0,0.0,-0.005446500533857826,0.0,eva_miew_dinosmall_weighted_globalminmax_sq,valonly_gallery,EVA-02,score_fusion
Ariely,8,0.6442261458661671,0.637963416399117,0.875,0.875,-0.006262729467050088,0.0,eva_miew_dinov2base_equal_globalminmax_sq,valonly_gallery,EVA-02,embedding_concat
Ariely,8,0.6442261458661671,0.6374527267816865,0.875,0.875,-0.006773419084480592,0.0,eva_miew_convnext_equal_globalminmax_sq,valonly_gallery,EVA-02,score_fusion
Ariely,8,0.6442261458661671,0.6374527267816865,0.875,0.875,-0.006773419084480592,0.0,eva_miew_convnext_equal_rowminmax_sq,valonly_gallery,EVA-02,score_fusion
Ariely,8,0.6442261458661671,0.6373674350369005,0.875,0.875,-0.00685871082926659,0.0,eva_miew_convnext_weighted_globalminmax_sq,valonly_gallery,EVA-02,score_fusion
Ariely,8,0.6442261458661671,0.6368008448670834,0.875,0.875,-0.007425300999083673,0.0,eva_miew_efficientnet_weighted_globalminmax_sq,valonly_gallery,EVA-02,embedding_concat
Madalena,9,1.0,0.9918518518518518,1.0,1.0,-0.008148148148148238,0.0,eva_mega_convnext_evaheavy_globalminmax_sq,valonly_gallery,EVA-02,score_fusion
Ariely,8,0.6442261458661671,0.6356005642839371,0.875,0.875,-0.008625581582230035,0.0,eva_miew_convnext_miewheavy_globalminmax_sq,valonly_gallery,EVA-02,score_fusion
Solar,11,0.9955660501115046,0.9856988249845393,1.0,1.0,-0.009867225126965251,0.0,eva_convnext_megadescriptor_weighted_globalminmax_sq,valonly_gallery,EVA-02,score_fusion
Ariely,8,0.6442261458661671,0.6342332033903552,0.875,0.875,-0.00999294247581195,0.0,eva_miew_megadescriptor_evaheavy_globalminmax_sq,valonly_gallery,EVA-02,score_fusion
Ariely,8,0.6442261458661671,0.6338865775856303,0.875,0.875,-0.010339568280536837,0.0,eva_convnext_megadescriptor_weighted_globalminmax_sq,valonly_gallery,EVA-02,score_fusion
Medrosa,33,0.8521222031334764,0.8349641915562165,0.9393939393939394,0.8787878787878788,-0.017158011577259935,-0.06060606060606066,eva_miew_convnext_miewheavy_globalminmax_sq,valonly_gallery,EVA-02,score_fusion
Bororo,5,0.7555555555555555,0.7379551820728292,0.8,0.8,-0.01760037348272636,0.0,eva_miew_dinov2base_equal_globalminmax_sq,valonly_gallery,EVA-02,embedding_concat
Medrosa,33,0.8521222031334764,0.8276731924886794,0.9393939393939394,0.8787878787878788,-0.024449010644796987,-0.06060606060606066,eva_miew_convnext_equal_globalminmax_sq,valonly_gallery,EVA-02,score_fusion
Medrosa,33,0.8521222031334764,0.8276731924886794,0.9393939393939394,0.8787878787878788,-0.024449010644796987,-0.06060606060606066,eva_miew_convnext_equal_rowminmax_sq,valonly_gallery,EVA-02,score_fusion
Madalena,9,1.0,0.9539241622574957,1.0,1.0,-0.046075837742504344,0.0,eva_miew_convnext_miewheavy_globalminmax_sq,valonly_gallery,EVA-02,score_fusion
Bororo,5,0.7555555555555555,0.7077056277056277,0.8,0.8,-0.04784992784992781,0.0,eva_miew_dinosmall_weighted_globalminmax_sq,valonly_gallery,EVA-02,score_fusion
Estella,3,1.0,0.9444444444444443,1.0,1.0,-0.05555555555555569,0.0,eva_miew_dinov2base_equal_globalminmax_sq,valonly_gallery,EVA-02,embedding_concat
Bororo,5,0.7555555555555555,0.6855555555555555,0.8,0.6,-0.07000000000000006,-0.20000000000000007,eva_miew_convnext_equal_globalminmax_sq,valonly_gallery,EVA-02,score_fusion
Bororo,5,0.7555555555555555,0.6855555555555555,0.8,0.6,-0.07000000000000006,-0.20000000000000007,eva_miew_convnext_equal_rowminmax_sq,valonly_gallery,EVA-02,score_fusion
Ti,11,0.6087162016669883,0.5274814807033862,0.6363636363636364,0.6363636363636364,-0.08123472096360207,0.0,eva_miew_megadescriptor_evaheavy_globalminmax_sq,valonly_gallery,EVA-02,score_fusion
Estella,3,1.0,0.9166666666666666,1.0,1.0,-0.08333333333333337,0.0,eva_miew_convnext_miewheavy_globalminmax_sq,valonly_gallery,EVA-02,score_fusion
Estella,3,1.0,0.9166666666666666,1.0,1.0,-0.08333333333333337,0.0,eva_miew_convnext_equal_globalminmax_sq,valonly_gallery,EVA-02,score_fusion
Estella,3,1.0,0.9166666666666666,1.0,1.0,-0.08333333333333337,0.0,eva_miew_convnext_equal_rowminmax_sq,valonly_gallery,EVA-02,score_fusion
Bororo,5,0.7555555555555555,0.665959595959596,0.8,0.6,-0.08959595959595956,-0.20000000000000007,eva_miew_convnext_miewheavy_globalminmax_sq,valonly_gallery,EVA-02,score_fusion
Estella,3,1.0,0.9,1.0,1.0,-0.09999999999999998,0.0,eva_miew_megadescriptor_evaheavy_globalminmax_sq,valonly_gallery,EVA-02,score_fusion
Bororo,5,0.7555555555555555,0.6420211161387631,0.8,0.8,-0.11353443941679242,0.0,eva_miew_megadescriptor_evaheavy_globalminmax_sq,valonly_gallery,EVA-02,score_fusion
Bororo,5,0.7555555555555555,0.641844997108155,0.8,0.8,-0.11371055844740052,0.0,eva_miew_efficientnet_weighted_globalminmax_sq,valonly_gallery,EVA-02,embedding_concat
Pixana,5,0.4499542124542124,0.32390572390572386,0.2,0.2,-0.12604848854848855,0.0,eva_miew_dinov2base_equal_globalminmax_sq,valonly_gallery,EVA-02,embedding_concat
Ti,11,0.6087162016669883,0.4582975317427522,0.6363636363636364,0.6363636363636364,-0.15041866992423608,0.0,eva_convnext_megadescriptor_weighted_globalminmax_sq,valonly_gallery,EVA-02,score_fusion
Estella,3,1.0,0.775,1.0,0.6666666666666666,-0.22499999999999998,-0.33333333333333337,eva_convnext_megadescriptor_weighted_globalminmax_sq,valonly_gallery,EVA-02,score_fusion
Madalena,9,1.0,0.7446552829886163,1.0,0.5555555555555556,-0.2553447170113837,-0.4444444444444444,eva_miew_convnext_equal_globalminmax_sq,valonly_gallery,EVA-02,score_fusion
Madalena,9,1.0,0.7446552829886163,1.0,0.5555555555555556,-0.2553447170113837,-0.4444444444444444,eva_miew_convnext_equal_rowminmax_sq,valonly_gallery,EVA-02,score_fusion
Madalena,9,1.0,0.6508958936425138,1.0,1.0,-0.34910410635748623,0.0,eva_convnext_megadescriptor_weighted_globalminmax_sq,valonly_gallery,EVA-02,score_fusion
Bororo,5,0.7555555555555555,0.3052380952380952,0.8,0.0,-0.45031746031746034,-0.8,eva_convnext_megadescriptor_weighted_globalminmax_sq,valonly_gallery,EVA-02,score_fusion
