experiment_name,experiment_group,gallery_protocol,method_name,method_type,member_set,n_members,mAP,rank1,best_single_mAP,gain_vs_best_single,oracle_mAP,oracle_rank1,oracle_gap_mAP,run_dir,run_name
eva_convnext_megadescriptor_weighted_globalminmax_sq,kaggle_ensemble,trainval_gallery,EVA-02,single,EVA-02+ConvNeXt-V2+MegaDescriptor-L,3,0.7398314981799344,0.929878048780488,0.7398314981799344,0.0,0.8237099252913151,0.948170731707317,0.0838784271113807,/Users/MicheleMarschner/Documents/Uni/WiSe_2025_26/Applied CV/jaguar_project/experiments/round_2/kaggle_ensemble/eva_convnext_megadescriptor_weighted_globalminmax_sq,eva_convnext_megadescriptor_weighted_globalminmax_sq
eva_convnext_megadescriptor_weighted_globalminmax_sq,kaggle_ensemble,trainval_gallery,ConvNeXt-V2,single,EVA-02+ConvNeXt-V2+MegaDescriptor-L,3,0.6836154143145579,0.8780487804878049,0.7398314981799344,-0.0562160838653765,0.8237099252913151,0.948170731707317,0.1400945109767573,/Users/MicheleMarschner/Documents/Uni/WiSe_2025_26/Applied CV/jaguar_project/experiments/round_2/kaggle_ensemble/eva_convnext_megadescriptor_weighted_globalminmax_sq,eva_convnext_megadescriptor_weighted_globalminmax_sq
eva_convnext_megadescriptor_weighted_globalminmax_sq,kaggle_ensemble,trainval_gallery,MegaDescriptor-L,single,EVA-02+ConvNeXt-V2+MegaDescriptor-L,3,0.5214323854839368,0.8536585365853658,0.7398314981799344,-0.2183991126959976,0.8237099252913151,0.948170731707317,0.3022775398073783,/Users/MicheleMarschner/Documents/Uni/WiSe_2025_26/Applied CV/jaguar_project/experiments/round_2/kaggle_ensemble/eva_convnext_megadescriptor_weighted_globalminmax_sq,eva_convnext_megadescriptor_weighted_globalminmax_sq
eva_convnext_megadescriptor_weighted_globalminmax_sq,kaggle_ensemble,trainval_gallery,score_fusion,fusion,EVA-02+ConvNeXt-V2+MegaDescriptor-L,3,0.7727719891397183,0.926829268292683,0.7398314981799344,0.0329404909597839,0.8237099252913151,0.948170731707317,0.0509379361515968,/Users/MicheleMarschner/Documents/Uni/WiSe_2025_26/Applied CV/jaguar_project/experiments/round_2/kaggle_ensemble/eva_convnext_megadescriptor_weighted_globalminmax_sq,eva_convnext_megadescriptor_weighted_globalminmax_sq
eva_convnext_megadescriptor_weighted_globalminmax_sq,kaggle_ensemble,trainval_gallery,embedding_concat,fusion,EVA-02+ConvNeXt-V2+MegaDescriptor-L,3,0.7649552401307506,0.926829268292683,0.7398314981799344,0.0251237419508161,0.8237099252913151,0.948170731707317,0.0587546851605645,/Users/MicheleMarschner/Documents/Uni/WiSe_2025_26/Applied CV/jaguar_project/experiments/round_2/kaggle_ensemble/eva_convnext_megadescriptor_weighted_globalminmax_sq,eva_convnext_megadescriptor_weighted_globalminmax_sq
eva_convnext_megadescriptor_weighted_globalminmax_sq,kaggle_ensemble,trainval_gallery,oracle,oracle,EVA-02+ConvNeXt-V2+MegaDescriptor-L,3,0.8237099252913151,0.948170731707317,0.7398314981799344,0.0838784271113807,0.8237099252913151,0.948170731707317,0.0,/Users/MicheleMarschner/Documents/Uni/WiSe_2025_26/Applied CV/jaguar_project/experiments/round_2/kaggle_ensemble/eva_convnext_megadescriptor_weighted_globalminmax_sq,eva_convnext_megadescriptor_weighted_globalminmax_sq
eva_convnext_megadescriptor_weighted_globalminmax_sq,kaggle_ensemble,valonly_gallery,EVA-02,single,EVA-02+ConvNeXt-V2+MegaDescriptor-L,3,0.6852964489760209,0.7669902912621359,0.6852964489760209,0.0,0.7874898487910047,0.8964401294498382,0.1021933998149837,/Users/MicheleMarschner/Documents/Uni/WiSe_2025_26/Applied CV/jaguar_project/experiments/round_2/kaggle_ensemble/eva_convnext_megadescriptor_weighted_globalminmax_sq,eva_convnext_megadescriptor_weighted_globalminmax_sq
eva_convnext_megadescriptor_weighted_globalminmax_sq,kaggle_ensemble,valonly_gallery,ConvNeXt-V2,single,EVA-02+ConvNeXt-V2+MegaDescriptor-L,3,0.6255164287964786,0.7831715210355987,0.6852964489760209,-0.0597800201795423,0.7874898487910047,0.8964401294498382,0.161973419994526,/Users/MicheleMarschner/Documents/Uni/WiSe_2025_26/Applied CV/jaguar_project/experiments/round_2/kaggle_ensemble/eva_convnext_megadescriptor_weighted_globalminmax_sq,eva_convnext_megadescriptor_weighted_globalminmax_sq
eva_convnext_megadescriptor_weighted_globalminmax_sq,kaggle_ensemble,valonly_gallery,MegaDescriptor-L,single,EVA-02+ConvNeXt-V2+MegaDescriptor-L,3,0.4638527671006757,0.6375404530744336,0.6852964489760209,-0.2214436818753452,0.7874898487910047,0.8964401294498382,0.323637081690329,/Users/MicheleMarschner/Documents/Uni/WiSe_2025_26/Applied CV/jaguar_project/experiments/round_2/kaggle_ensemble/eva_convnext_megadescriptor_weighted_globalminmax_sq,eva_convnext_megadescriptor_weighted_globalminmax_sq
eva_convnext_megadescriptor_weighted_globalminmax_sq,kaggle_ensemble,valonly_gallery,score_fusion,fusion,EVA-02+ConvNeXt-V2+MegaDescriptor-L,3,0.7233584631628746,0.8317152103559871,0.6852964489760209,0.0380620141868536,0.7874898487910047,0.8964401294498382,0.0641313856281301,/Users/MicheleMarschner/Documents/Uni/WiSe_2025_26/Applied CV/jaguar_project/experiments/round_2/kaggle_ensemble/eva_convnext_megadescriptor_weighted_globalminmax_sq,eva_convnext_megadescriptor_weighted_globalminmax_sq
eva_convnext_megadescriptor_weighted_globalminmax_sq,kaggle_ensemble,valonly_gallery,embedding_concat,fusion,EVA-02+ConvNeXt-V2+MegaDescriptor-L,3,0.7100481458202137,0.8220064724919094,0.6852964489760209,0.0247516968441927,0.7874898487910047,0.8964401294498382,0.077441702970791,/Users/MicheleMarschner/Documents/Uni/WiSe_2025_26/Applied CV/jaguar_project/experiments/round_2/kaggle_ensemble/eva_convnext_megadescriptor_weighted_globalminmax_sq,eva_convnext_megadescriptor_weighted_globalminmax_sq
eva_convnext_megadescriptor_weighted_globalminmax_sq,kaggle_ensemble,valonly_gallery,oracle,oracle,EVA-02+ConvNeXt-V2+MegaDescriptor-L,3,0.7874898487910047,0.8964401294498382,0.6852964489760209,0.1021933998149837,0.7874898487910047,0.8964401294498382,0.0,/Users/MicheleMarschner/Documents/Uni/WiSe_2025_26/Applied CV/jaguar_project/experiments/round_2/kaggle_ensemble/eva_convnext_megadescriptor_weighted_globalminmax_sq,eva_convnext_megadescriptor_weighted_globalminmax_sq
eva_mega_convnext_evaheavy_globalminmax_sq,kaggle_ensemble,trainval_gallery,EVA-02,single,EVA-02+MiewID+ConvNeXt-V2,3,0.7398314981799344,0.929878048780488,0.7398314981799344,0.0,0.8544555258495345,0.9573170731707316,0.1146240276696001,/Users/MicheleMarschner/Documents/Uni/WiSe_2025_26/Applied CV/jaguar_project/experiments/round_2/kaggle_ensemble/eva_mega_convnext_evaheavy_globalminmax_sq,eva_mega_convnext_evaheavy_globalminmax_sq
eva_mega_convnext_evaheavy_globalminmax_sq,kaggle_ensemble,trainval_gallery,MiewID,single,EVA-02+MiewID+ConvNeXt-V2,3,0.7061458763277152,0.8689024390243902,0.7398314981799344,-0.0336856218522192,0.8544555258495345,0.9573170731707316,0.1483096495218193,/Users/MicheleMarschner/Documents/Uni/WiSe_2025_26/Applied CV/jaguar_project/experiments/round_2/kaggle_ensemble/eva_mega_convnext_evaheavy_globalminmax_sq,eva_mega_convnext_evaheavy_globalminmax_sq
eva_mega_convnext_evaheavy_globalminmax_sq,kaggle_ensemble,trainval_gallery,ConvNeXt-V2,single,EVA-02+MiewID+ConvNeXt-V2,3,0.6836154143145579,0.8780487804878049,0.7398314981799344,-0.0562160838653765,0.8544555258495345,0.9573170731707316,0.1708401115349767,/Users/MicheleMarschner/Documents/Uni/WiSe_2025_26/Applied CV/jaguar_project/experiments/round_2/kaggle_ensemble/eva_mega_convnext_evaheavy_globalminmax_sq,eva_mega_convnext_evaheavy_globalminmax_sq
eva_mega_convnext_evaheavy_globalminmax_sq,kaggle_ensemble,trainval_gallery,score_fusion,fusion,EVA-02+MiewID+ConvNeXt-V2,3,0.8365243005721749,0.9420731707317072,0.7398314981799344,0.0966928023922404,0.8544555258495345,0.9573170731707316,0.0179312252773596,/Users/MicheleMarschner/Documents/Uni/WiSe_2025_26/Applied CV/jaguar_project/experiments/round_2/kaggle_ensemble/eva_mega_convnext_evaheavy_globalminmax_sq,eva_mega_convnext_evaheavy_globalminmax_sq
eva_mega_convnext_evaheavy_globalminmax_sq,kaggle_ensemble,trainval_gallery,embedding_concat,fusion,EVA-02+MiewID+ConvNeXt-V2,3,0.8267076322257897,0.9420731707317072,0.7398314981799344,0.0868761340458552,0.8544555258495345,0.9573170731707316,0.0277478936237448,/Users/MicheleMarschner/Documents/Uni/WiSe_2025_26/Applied CV/jaguar_project/experiments/round_2/kaggle_ensemble/eva_mega_convnext_evaheavy_globalminmax_sq,eva_mega_convnext_evaheavy_globalminmax_sq
eva_mega_convnext_evaheavy_globalminmax_sq,kaggle_ensemble,trainval_gallery,oracle,oracle,EVA-02+MiewID+ConvNeXt-V2,3,0.8544555258495345,0.9573170731707316,0.7398314981799344,0.1146240276696001,0.8544555258495345,0.9573170731707316,0.0,/Users/MicheleMarschner/Documents/Uni/WiSe_2025_26/Applied CV/jaguar_project/experiments/round_2/kaggle_ensemble/eva_mega_convnext_evaheavy_globalminmax_sq,eva_mega_convnext_evaheavy_globalminmax_sq
eva_mega_convnext_evaheavy_globalminmax_sq,kaggle_ensemble,valonly_gallery,EVA-02,single,EVA-02+MiewID+ConvNeXt-V2,3,0.6852964489760209,0.7669902912621359,0.6852964489760209,0.0,0.8122667183876786,0.9320388349514565,0.1269702694116576,/Users/MicheleMarschner/Documents/Uni/WiSe_2025_26/Applied CV/jaguar_project/experiments/round_2/kaggle_ensemble/eva_mega_convnext_evaheavy_globalminmax_sq,eva_mega_convnext_evaheavy_globalminmax_sq
eva_mega_convnext_evaheavy_globalminmax_sq,kaggle_ensemble,valonly_gallery,MiewID,single,EVA-02+MiewID+ConvNeXt-V2,3,0.6334386197444956,0.8122977346278317,0.6852964489760209,-0.0518578292315253,0.8122667183876786,0.9320388349514565,0.178828098643183,/Users/MicheleMarschner/Documents/Uni/WiSe_2025_26/Applied CV/jaguar_project/experiments/round_2/kaggle_ensemble/eva_mega_convnext_evaheavy_globalminmax_sq,eva_mega_convnext_evaheavy_globalminmax_sq
eva_mega_convnext_evaheavy_globalminmax_sq,kaggle_ensemble,valonly_gallery,ConvNeXt-V2,single,EVA-02+MiewID+ConvNeXt-V2,3,0.6255164287964786,0.7831715210355987,0.6852964489760209,-0.0597800201795423,0.8122667183876786,0.9320388349514565,0.1867502895912,/Users/MicheleMarschner/Documents/Uni/WiSe_2025_26/Applied CV/jaguar_project/experiments/round_2/kaggle_ensemble/eva_mega_convnext_evaheavy_globalminmax_sq,eva_mega_convnext_evaheavy_globalminmax_sq
eva_mega_convnext_evaheavy_globalminmax_sq,kaggle_ensemble,valonly_gallery,score_fusion,fusion,EVA-02+MiewID+ConvNeXt-V2,3,0.7955615571813089,0.8770226537216829,0.6852964489760209,0.110265108205288,0.8122667183876786,0.9320388349514565,0.0167051612063696,/Users/MicheleMarschner/Documents/Uni/WiSe_2025_26/Applied CV/jaguar_project/experiments/round_2/kaggle_ensemble/eva_mega_convnext_evaheavy_globalminmax_sq,eva_mega_convnext_evaheavy_globalminmax_sq
eva_mega_convnext_evaheavy_globalminmax_sq,kaggle_ensemble,valonly_gallery,embedding_concat,fusion,EVA-02+MiewID+ConvNeXt-V2,3,0.7827420767463626,0.86084142394822,0.6852964489760209,0.0974456277703417,0.8122667183876786,0.9320388349514565,0.0295246416413159,/Users/MicheleMarschner/Documents/Uni/WiSe_2025_26/Applied CV/jaguar_project/experiments/round_2/kaggle_ensemble/eva_mega_convnext_evaheavy_globalminmax_sq,eva_mega_convnext_evaheavy_globalminmax_sq
eva_mega_convnext_evaheavy_globalminmax_sq,kaggle_ensemble,valonly_gallery,oracle,oracle,EVA-02+MiewID+ConvNeXt-V2,3,0.8122667183876786,0.9320388349514565,0.6852964489760209,0.1269702694116576,0.8122667183876786,0.9320388349514565,0.0,/Users/MicheleMarschner/Documents/Uni/WiSe_2025_26/Applied CV/jaguar_project/experiments/round_2/kaggle_ensemble/eva_mega_convnext_evaheavy_globalminmax_sq,eva_mega_convnext_evaheavy_globalminmax_sq
eva_miew_convnext_equal_globalminmax_sq,kaggle_ensemble,trainval_gallery,EVA-02,single,EVA-02+MiewID+ConvNeXt-V2,3,0.7398314780376963,0.929878048780488,0.7398314780376963,0.0,0.8544555258495345,0.9573170731707316,0.1146240478118382,/Users/MicheleMarschner/Documents/Uni/WiSe_2025_26/Applied CV/jaguar_project/experiments/round_2/kaggle_ensemble/eva_miew_convnext_equal_globalminmax_sq,eva_miew_convnext_equal_globalminmax_sq
eva_miew_convnext_equal_globalminmax_sq,kaggle_ensemble,trainval_gallery,MiewID,single,EVA-02+MiewID+ConvNeXt-V2,3,0.7061459146754442,0.8689024390243902,0.7398314780376963,-0.0336855633622521,0.8544555258495345,0.9573170731707316,0.1483096111740903,/Users/MicheleMarschner/Documents/Uni/WiSe_2025_26/Applied CV/jaguar_project/experiments/round_2/kaggle_ensemble/eva_miew_convnext_equal_globalminmax_sq,eva_miew_convnext_equal_globalminmax_sq
eva_miew_convnext_equal_globalminmax_sq,kaggle_ensemble,trainval_gallery,ConvNeXt-V2,single,EVA-02+MiewID+ConvNeXt-V2,3,0.6836153894058502,0.8780487804878049,0.7398314780376963,-0.0562160886318461,0.8544555258495345,0.9573170731707316,0.1708401364436843,/Users/MicheleMarschner/Documents/Uni/WiSe_2025_26/Applied CV/jaguar_project/experiments/round_2/kaggle_ensemble/eva_miew_convnext_equal_globalminmax_sq,eva_miew_convnext_equal_globalminmax_sq
eva_miew_convnext_equal_globalminmax_sq,kaggle_ensemble,trainval_gallery,score_fusion,fusion,EVA-02+MiewID+ConvNeXt-V2,3,0.8361206679924251,0.9359756097560976,0.7398314780376963,0.0962891899547288,0.8544555258495345,0.9573170731707316,0.0183348578571094,/Users/MicheleMarschner/Documents/Uni/WiSe_2025_26/Applied CV/jaguar_project/experiments/round_2/kaggle_ensemble/eva_miew_convnext_equal_globalminmax_sq,eva_miew_convnext_equal_globalminmax_sq
eva_miew_convnext_equal_globalminmax_sq,kaggle_ensemble,trainval_gallery,embedding_concat,fusion,EVA-02+MiewID+ConvNeXt-V2,3,0.8320515170181209,0.9329268292682928,0.7398314780376963,0.0922200389804245,0.8544555258495345,0.9573170731707316,0.0224040088314136,/Users/MicheleMarschner/Documents/Uni/WiSe_2025_26/Applied CV/jaguar_project/experiments/round_2/kaggle_ensemble/eva_miew_convnext_equal_globalminmax_sq,eva_miew_convnext_equal_globalminmax_sq
eva_miew_convnext_equal_globalminmax_sq,kaggle_ensemble,trainval_gallery,oracle,oracle,EVA-02+MiewID+ConvNeXt-V2,3,0.8544555258495345,0.9573170731707316,0.7398314780376963,0.1146240478118382,0.8544555258495345,0.9573170731707316,0.0,/Users/MicheleMarschner/Documents/Uni/WiSe_2025_26/Applied CV/jaguar_project/experiments/round_2/kaggle_ensemble/eva_miew_convnext_equal_globalminmax_sq,eva_miew_convnext_equal_globalminmax_sq
eva_miew_convnext_equal_globalminmax_sq,kaggle_ensemble,valonly_gallery,EVA-02,single,EVA-02+MiewID+ConvNeXt-V2,3,0.6852964489760209,0.7669902912621359,0.6852964489760209,0.0,0.8122667183876786,0.9320388349514565,0.1269702694116576,/Users/MicheleMarschner/Documents/Uni/WiSe_2025_26/Applied CV/jaguar_project/experiments/round_2/kaggle_ensemble/eva_miew_convnext_equal_globalminmax_sq,eva_miew_convnext_equal_globalminmax_sq
eva_miew_convnext_equal_globalminmax_sq,kaggle_ensemble,valonly_gallery,MiewID,single,EVA-02+MiewID+ConvNeXt-V2,3,0.6334386197444956,0.8122977346278317,0.6852964489760209,-0.0518578292315253,0.8122667183876786,0.9320388349514565,0.178828098643183,/Users/MicheleMarschner/Documents/Uni/WiSe_2025_26/Applied CV/jaguar_project/experiments/round_2/kaggle_ensemble/eva_miew_convnext_equal_globalminmax_sq,eva_miew_convnext_equal_globalminmax_sq
eva_miew_convnext_equal_globalminmax_sq,kaggle_ensemble,valonly_gallery,ConvNeXt-V2,single,EVA-02+MiewID+ConvNeXt-V2,3,0.6255164287964786,0.7831715210355987,0.6852964489760209,-0.0597800201795423,0.8122667183876786,0.9320388349514565,0.1867502895912,/Users/MicheleMarschner/Documents/Uni/WiSe_2025_26/Applied CV/jaguar_project/experiments/round_2/kaggle_ensemble/eva_miew_convnext_equal_globalminmax_sq,eva_miew_convnext_equal_globalminmax_sq
eva_miew_convnext_equal_globalminmax_sq,kaggle_ensemble,valonly_gallery,score_fusion,fusion,EVA-02+MiewID+ConvNeXt-V2,3,0.8000113972733354,0.8576051779935275,0.6852964489760209,0.1147149482973144,0.8122667183876786,0.9320388349514565,0.0122553211143432,/Users/MicheleMarschner/Documents/Uni/WiSe_2025_26/Applied CV/jaguar_project/experiments/round_2/kaggle_ensemble/eva_miew_convnext_equal_globalminmax_sq,eva_miew_convnext_equal_globalminmax_sq
eva_miew_convnext_equal_globalminmax_sq,kaggle_ensemble,valonly_gallery,embedding_concat,fusion,EVA-02+MiewID+ConvNeXt-V2,3,0.7958637221775047,0.86084142394822,0.6852964489760209,0.1105672732014837,0.8122667183876786,0.9320388349514565,0.0164029962101739,/Users/MicheleMarschner/Documents/Uni/WiSe_2025_26/Applied CV/jaguar_project/experiments/round_2/kaggle_ensemble/eva_miew_convnext_equal_globalminmax_sq,eva_miew_convnext_equal_globalminmax_sq
eva_miew_convnext_equal_globalminmax_sq,kaggle_ensemble,valonly_gallery,oracle,oracle,EVA-02+MiewID+ConvNeXt-V2,3,0.8122667183876786,0.9320388349514565,0.6852964489760209,0.1269702694116576,0.8122667183876786,0.9320388349514565,0.0,/Users/MicheleMarschner/Documents/Uni/WiSe_2025_26/Applied CV/jaguar_project/experiments/round_2/kaggle_ensemble/eva_miew_convnext_equal_globalminmax_sq,eva_miew_convnext_equal_globalminmax_sq
eva_miew_convnext_equal_rowminmax_sq,kaggle_ensemble,trainval_gallery,EVA-02,single,EVA-02+MiewID+ConvNeXt-V2,3,0.7398314780376963,0.929878048780488,0.7398314780376963,0.0,0.8544555258495345,0.9573170731707316,0.1146240478118382,/Users/MicheleMarschner/Documents/Uni/WiSe_2025_26/Applied CV/jaguar_project/experiments/round_2/kaggle_ensemble/eva_miew_convnext_equal_rowminmax_sq,eva_miew_convnext_equal_rowminmax_sq
eva_miew_convnext_equal_rowminmax_sq,kaggle_ensemble,trainval_gallery,MiewID,single,EVA-02+MiewID+ConvNeXt-V2,3,0.7061459146754442,0.8689024390243902,0.7398314780376963,-0.0336855633622521,0.8544555258495345,0.9573170731707316,0.1483096111740903,/Users/MicheleMarschner/Documents/Uni/WiSe_2025_26/Applied CV/jaguar_project/experiments/round_2/kaggle_ensemble/eva_miew_convnext_equal_rowminmax_sq,eva_miew_convnext_equal_rowminmax_sq
eva_miew_convnext_equal_rowminmax_sq,kaggle_ensemble,trainval_gallery,ConvNeXt-V2,single,EVA-02+MiewID+ConvNeXt-V2,3,0.6836153894058502,0.8780487804878049,0.7398314780376963,-0.0562160886318461,0.8544555258495345,0.9573170731707316,0.1708401364436843,/Users/MicheleMarschner/Documents/Uni/WiSe_2025_26/Applied CV/jaguar_project/experiments/round_2/kaggle_ensemble/eva_miew_convnext_equal_rowminmax_sq,eva_miew_convnext_equal_rowminmax_sq
eva_miew_convnext_equal_rowminmax_sq,kaggle_ensemble,trainval_gallery,score_fusion,fusion,EVA-02+MiewID+ConvNeXt-V2,3,0.8361206679924251,0.9359756097560976,0.7398314780376963,0.0962891899547288,0.8544555258495345,0.9573170731707316,0.0183348578571094,/Users/MicheleMarschner/Documents/Uni/WiSe_2025_26/Applied CV/jaguar_project/experiments/round_2/kaggle_ensemble/eva_miew_convnext_equal_rowminmax_sq,eva_miew_convnext_equal_rowminmax_sq
eva_miew_convnext_equal_rowminmax_sq,kaggle_ensemble,trainval_gallery,embedding_concat,fusion,EVA-02+MiewID+ConvNeXt-V2,3,0.8320515170181209,0.9329268292682928,0.7398314780376963,0.0922200389804245,0.8544555258495345,0.9573170731707316,0.0224040088314136,/Users/MicheleMarschner/Documents/Uni/WiSe_2025_26/Applied CV/jaguar_project/experiments/round_2/kaggle_ensemble/eva_miew_convnext_equal_rowminmax_sq,eva_miew_convnext_equal_rowminmax_sq
eva_miew_convnext_equal_rowminmax_sq,kaggle_ensemble,trainval_gallery,oracle,oracle,EVA-02+MiewID+ConvNeXt-V2,3,0.8544555258495345,0.9573170731707316,0.7398314780376963,0.1146240478118382,0.8544555258495345,0.9573170731707316,0.0,/Users/MicheleMarschner/Documents/Uni/WiSe_2025_26/Applied CV/jaguar_project/experiments/round_2/kaggle_ensemble/eva_miew_convnext_equal_rowminmax_sq,eva_miew_convnext_equal_rowminmax_sq
eva_miew_convnext_equal_rowminmax_sq,kaggle_ensemble,valonly_gallery,EVA-02,single,EVA-02+MiewID+ConvNeXt-V2,3,0.6852964489760209,0.7669902912621359,0.6852964489760209,0.0,0.8122667183876786,0.9320388349514565,0.1269702694116576,/Users/MicheleMarschner/Documents/Uni/WiSe_2025_26/Applied CV/jaguar_project/experiments/round_2/kaggle_ensemble/eva_miew_convnext_equal_rowminmax_sq,eva_miew_convnext_equal_rowminmax_sq
eva_miew_convnext_equal_rowminmax_sq,kaggle_ensemble,valonly_gallery,MiewID,single,EVA-02+MiewID+ConvNeXt-V2,3,0.6334386197444956,0.8122977346278317,0.6852964489760209,-0.0518578292315253,0.8122667183876786,0.9320388349514565,0.178828098643183,/Users/MicheleMarschner/Documents/Uni/WiSe_2025_26/Applied CV/jaguar_project/experiments/round_2/kaggle_ensemble/eva_miew_convnext_equal_rowminmax_sq,eva_miew_convnext_equal_rowminmax_sq
eva_miew_convnext_equal_rowminmax_sq,kaggle_ensemble,valonly_gallery,ConvNeXt-V2,single,EVA-02+MiewID+ConvNeXt-V2,3,0.6255164287964786,0.7831715210355987,0.6852964489760209,-0.0597800201795423,0.8122667183876786,0.9320388349514565,0.1867502895912,/Users/MicheleMarschner/Documents/Uni/WiSe_2025_26/Applied CV/jaguar_project/experiments/round_2/kaggle_ensemble/eva_miew_convnext_equal_rowminmax_sq,eva_miew_convnext_equal_rowminmax_sq
eva_miew_convnext_equal_rowminmax_sq,kaggle_ensemble,valonly_gallery,score_fusion,fusion,EVA-02+MiewID+ConvNeXt-V2,3,0.8000113972733354,0.8576051779935275,0.6852964489760209,0.1147149482973144,0.8122667183876786,0.9320388349514565,0.0122553211143432,/Users/MicheleMarschner/Documents/Uni/WiSe_2025_26/Applied CV/jaguar_project/experiments/round_2/kaggle_ensemble/eva_miew_convnext_equal_rowminmax_sq,eva_miew_convnext_equal_rowminmax_sq
eva_miew_convnext_equal_rowminmax_sq,kaggle_ensemble,valonly_gallery,embedding_concat,fusion,EVA-02+MiewID+ConvNeXt-V2,3,0.7958637221775047,0.86084142394822,0.6852964489760209,0.1105672732014837,0.8122667183876786,0.9320388349514565,0.0164029962101739,/Users/MicheleMarschner/Documents/Uni/WiSe_2025_26/Applied CV/jaguar_project/experiments/round_2/kaggle_ensemble/eva_miew_convnext_equal_rowminmax_sq,eva_miew_convnext_equal_rowminmax_sq
eva_miew_convnext_equal_rowminmax_sq,kaggle_ensemble,valonly_gallery,oracle,oracle,EVA-02+MiewID+ConvNeXt-V2,3,0.8122667183876786,0.9320388349514565,0.6852964489760209,0.1269702694116576,0.8122667183876786,0.9320388349514565,0.0,/Users/MicheleMarschner/Documents/Uni/WiSe_2025_26/Applied CV/jaguar_project/experiments/round_2/kaggle_ensemble/eva_miew_convnext_equal_rowminmax_sq,eva_miew_convnext_equal_rowminmax_sq
eva_miew_convnext_miewheavy_globalminmax_sq,kaggle_ensemble,trainval_gallery,EVA-02,single,EVA-02+MiewID+ConvNeXt-V2,3,0.7398314919604458,0.929878048780488,0.7398314919604458,0.0,0.8544555258495345,0.9573170731707316,0.1146240338890887,/Users/MicheleMarschner/Documents/Uni/WiSe_2025_26/Applied CV/jaguar_project/experiments/round_2/kaggle_ensemble/eva_miew_convnext_miewheavy_globalminmax_sq,eva_miew_convnext_miewheavy_globalminmax_sq
eva_miew_convnext_miewheavy_globalminmax_sq,kaggle_ensemble,trainval_gallery,MiewID,single,EVA-02+MiewID+ConvNeXt-V2,3,0.7061459146754442,0.8689024390243902,0.7398314919604458,-0.0336855772850016,0.8544555258495345,0.9573170731707316,0.1483096111740903,/Users/MicheleMarschner/Documents/Uni/WiSe_2025_26/Applied CV/jaguar_project/experiments/round_2/kaggle_ensemble/eva_miew_convnext_miewheavy_globalminmax_sq,eva_miew_convnext_miewheavy_globalminmax_sq
eva_miew_convnext_miewheavy_globalminmax_sq,kaggle_ensemble,trainval_gallery,ConvNeXt-V2,single,EVA-02+MiewID+ConvNeXt-V2,3,0.6836153935436354,0.8780487804878049,0.7398314919604458,-0.0562160984168104,0.8544555258495345,0.9573170731707316,0.1708401323058991,/Users/MicheleMarschner/Documents/Uni/WiSe_2025_26/Applied CV/jaguar_project/experiments/round_2/kaggle_ensemble/eva_miew_convnext_miewheavy_globalminmax_sq,eva_miew_convnext_miewheavy_globalminmax_sq
eva_miew_convnext_miewheavy_globalminmax_sq,kaggle_ensemble,trainval_gallery,score_fusion,fusion,EVA-02+MiewID+ConvNeXt-V2,3,0.8424132982300766,0.951219512195122,0.7398314919604458,0.1025818062696307,0.8544555258495345,0.9573170731707316,0.0120422276194579,/Users/MicheleMarschner/Documents/Uni/WiSe_2025_26/Applied CV/jaguar_project/experiments/round_2/kaggle_ensemble/eva_miew_convnext_miewheavy_globalminmax_sq,eva_miew_convnext_miewheavy_globalminmax_sq
eva_miew_convnext_miewheavy_globalminmax_sq,kaggle_ensemble,trainval_gallery,embedding_concat,fusion,EVA-02+MiewID+ConvNeXt-V2,3,0.812352102779116,0.923780487804878,0.7398314919604458,0.0725206108186701,0.8544555258495345,0.9573170731707316,0.0421034230704185,/Users/MicheleMarschner/Documents/Uni/WiSe_2025_26/Applied CV/jaguar_project/experiments/round_2/kaggle_ensemble/eva_miew_convnext_miewheavy_globalminmax_sq,eva_miew_convnext_miewheavy_globalminmax_sq
eva_miew_convnext_miewheavy_globalminmax_sq,kaggle_ensemble,trainval_gallery,oracle,oracle,EVA-02+MiewID+ConvNeXt-V2,3,0.8544555258495345,0.9573170731707316,0.7398314919604458,0.1146240338890887,0.8544555258495345,0.9573170731707316,0.0,/Users/MicheleMarschner/Documents/Uni/WiSe_2025_26/Applied CV/jaguar_project/experiments/round_2/kaggle_ensemble/eva_miew_convnext_miewheavy_globalminmax_sq,eva_miew_convnext_miewheavy_globalminmax_sq
eva_miew_convnext_miewheavy_globalminmax_sq,kaggle_ensemble,valonly_gallery,EVA-02,single,EVA-02+MiewID+ConvNeXt-V2,3,0.6852964489760209,0.7669902912621359,0.6852964489760209,0.0,0.8122667183876786,0.9320388349514565,0.1269702694116576,/Users/MicheleMarschner/Documents/Uni/WiSe_2025_26/Applied CV/jaguar_project/experiments/round_2/kaggle_ensemble/eva_miew_convnext_miewheavy_globalminmax_sq,eva_miew_convnext_miewheavy_globalminmax_sq
eva_miew_convnext_miewheavy_globalminmax_sq,kaggle_ensemble,valonly_gallery,MiewID,single,EVA-02+MiewID+ConvNeXt-V2,3,0.6334386197444956,0.8122977346278317,0.6852964489760209,-0.0518578292315253,0.8122667183876786,0.9320388349514565,0.178828098643183,/Users/MicheleMarschner/Documents/Uni/WiSe_2025_26/Applied CV/jaguar_project/experiments/round_2/kaggle_ensemble/eva_miew_convnext_miewheavy_globalminmax_sq,eva_miew_convnext_miewheavy_globalminmax_sq
eva_miew_convnext_miewheavy_globalminmax_sq,kaggle_ensemble,valonly_gallery,ConvNeXt-V2,single,EVA-02+MiewID+ConvNeXt-V2,3,0.6255164287964786,0.7831715210355987,0.6852964489760209,-0.0597800201795423,0.8122667183876786,0.9320388349514565,0.1867502895912,/Users/MicheleMarschner/Documents/Uni/WiSe_2025_26/Applied CV/jaguar_project/experiments/round_2/kaggle_ensemble/eva_miew_convnext_miewheavy_globalminmax_sq,eva_miew_convnext_miewheavy_globalminmax_sq
eva_miew_convnext_miewheavy_globalminmax_sq,kaggle_ensemble,valonly_gallery,score_fusion,fusion,EVA-02+MiewID+ConvNeXt-V2,3,0.8086578370364589,0.8802588996763754,0.6852964489760209,0.1233613880604379,0.8122667183876786,0.9320388349514565,0.0036088813512197,/Users/MicheleMarschner/Documents/Uni/WiSe_2025_26/Applied CV/jaguar_project/experiments/round_2/kaggle_ensemble/eva_miew_convnext_miewheavy_globalminmax_sq,eva_miew_convnext_miewheavy_globalminmax_sq
eva_miew_convnext_miewheavy_globalminmax_sq,kaggle_ensemble,valonly_gallery,embedding_concat,fusion,EVA-02+MiewID+ConvNeXt-V2,3,0.7598502491419677,0.8640776699029126,0.6852964489760209,0.0745538001659468,0.8122667183876786,0.9320388349514565,0.0524164692457108,/Users/MicheleMarschner/Documents/Uni/WiSe_2025_26/Applied CV/jaguar_project/experiments/round_2/kaggle_ensemble/eva_miew_convnext_miewheavy_globalminmax_sq,eva_miew_convnext_miewheavy_globalminmax_sq
eva_miew_convnext_miewheavy_globalminmax_sq,kaggle_ensemble,valonly_gallery,oracle,oracle,EVA-02+MiewID+ConvNeXt-V2,3,0.8122667183876786,0.9320388349514565,0.6852964489760209,0.1269702694116576,0.8122667183876786,0.9320388349514565,0.0,/Users/MicheleMarschner/Documents/Uni/WiSe_2025_26/Applied CV/jaguar_project/experiments/round_2/kaggle_ensemble/eva_miew_convnext_miewheavy_globalminmax_sq,eva_miew_convnext_miewheavy_globalminmax_sq
eva_miew_convnext_weighted_globalminmax_sq,kaggle_ensemble,trainval_gallery,EVA-02,single,EVA-02+MiewID+ConvNeXt-V2,3,0.7398314919604458,0.929878048780488,0.7398314919604458,0.0,0.8544555258495345,0.9573170731707316,0.1146240338890887,/Users/MicheleMarschner/Documents/Uni/WiSe_2025_26/Applied CV/jaguar_project/experiments/round_2/kaggle_ensemble/eva_miew_convnext_weighted_globalminmax_sq,eva_miew_convnext_weighted_globalminmax_sq
eva_miew_convnext_weighted_globalminmax_sq,kaggle_ensemble,trainval_gallery,MiewID,single,EVA-02+MiewID+ConvNeXt-V2,3,0.7061459146754442,0.8689024390243902,0.7398314919604458,-0.0336855772850016,0.8544555258495345,0.9573170731707316,0.1483096111740903,/Users/MicheleMarschner/Documents/Uni/WiSe_2025_26/Applied CV/jaguar_project/experiments/round_2/kaggle_ensemble/eva_miew_convnext_weighted_globalminmax_sq,eva_miew_convnext_weighted_globalminmax_sq
eva_miew_convnext_weighted_globalminmax_sq,kaggle_ensemble,trainval_gallery,ConvNeXt-V2,single,EVA-02+MiewID+ConvNeXt-V2,3,0.6836153935436354,0.8780487804878049,0.7398314919604458,-0.0562160984168104,0.8544555258495345,0.9573170731707316,0.1708401323058991,/Users/MicheleMarschner/Documents/Uni/WiSe_2025_26/Applied CV/jaguar_project/experiments/round_2/kaggle_ensemble/eva_miew_convnext_weighted_globalminmax_sq,eva_miew_convnext_weighted_globalminmax_sq
eva_miew_convnext_weighted_globalminmax_sq,kaggle_ensemble,trainval_gallery,score_fusion,fusion,EVA-02+MiewID+ConvNeXt-V2,3,0.8491289821628799,0.9542682926829268,0.7398314919604458,0.109297490202434,0.8544555258495345,0.9573170731707316,0.0053265436866546,/Users/MicheleMarschner/Documents/Uni/WiSe_2025_26/Applied CV/jaguar_project/experiments/round_2/kaggle_ensemble/eva_miew_convnext_weighted_globalminmax_sq,eva_miew_convnext_weighted_globalminmax_sq
eva_miew_convnext_weighted_globalminmax_sq,kaggle_ensemble,trainval_gallery,embedding_concat,fusion,EVA-02+MiewID+ConvNeXt-V2,3,0.8473618714932272,0.9542682926829268,0.7398314919604458,0.1075303795327813,0.8544555258495345,0.9573170731707316,0.0070936543563073,/Users/MicheleMarschner/Documents/Uni/WiSe_2025_26/Applied CV/jaguar_project/experiments/round_2/kaggle_ensemble/eva_miew_convnext_weighted_globalminmax_sq,eva_miew_convnext_weighted_globalminmax_sq
eva_miew_convnext_weighted_globalminmax_sq,kaggle_ensemble,trainval_gallery,oracle,oracle,EVA-02+MiewID+ConvNeXt-V2,3,0.8544555258495345,0.9573170731707316,0.7398314919604458,0.1146240338890887,0.8544555258495345,0.9573170731707316,0.0,/Users/MicheleMarschner/Documents/Uni/WiSe_2025_26/Applied CV/jaguar_project/experiments/round_2/kaggle_ensemble/eva_miew_convnext_weighted_globalminmax_sq,eva_miew_convnext_weighted_globalminmax_sq
eva_miew_convnext_weighted_globalminmax_sq,kaggle_ensemble,valonly_gallery,EVA-02,single,EVA-02+MiewID+ConvNeXt-V2,3,0.6852964489760209,0.7669902912621359,0.6852964489760209,0.0,0.8122667183876786,0.9320388349514565,0.1269702694116576,/Users/MicheleMarschner/Documents/Uni/WiSe_2025_26/Applied CV/jaguar_project/experiments/round_2/kaggle_ensemble/eva_miew_convnext_weighted_globalminmax_sq,eva_miew_convnext_weighted_globalminmax_sq
eva_miew_convnext_weighted_globalminmax_sq,kaggle_ensemble,valonly_gallery,MiewID,single,EVA-02+MiewID+ConvNeXt-V2,3,0.6334386197444956,0.8122977346278317,0.6852964489760209,-0.0518578292315253,0.8122667183876786,0.9320388349514565,0.178828098643183,/Users/MicheleMarschner/Documents/Uni/WiSe_2025_26/Applied CV/jaguar_project/experiments/round_2/kaggle_ensemble/eva_miew_convnext_weighted_globalminmax_sq,eva_miew_convnext_weighted_globalminmax_sq
eva_miew_convnext_weighted_globalminmax_sq,kaggle_ensemble,valonly_gallery,ConvNeXt-V2,single,EVA-02+MiewID+ConvNeXt-V2,3,0.6255164287964786,0.7831715210355987,0.6852964489760209,-0.0597800201795423,0.8122667183876786,0.9320388349514565,0.1867502895912,/Users/MicheleMarschner/Documents/Uni/WiSe_2025_26/Applied CV/jaguar_project/experiments/round_2/kaggle_ensemble/eva_miew_convnext_weighted_globalminmax_sq,eva_miew_convnext_weighted_globalminmax_sq
eva_miew_convnext_weighted_globalminmax_sq,kaggle_ensemble,valonly_gallery,score_fusion,fusion,EVA-02+MiewID+ConvNeXt-V2,3,0.8106637021965954,0.8867313915857605,0.6852964489760209,0.1253672532205745,0.8122667183876786,0.9320388349514565,0.0016030161910831,/Users/MicheleMarschner/Documents/Uni/WiSe_2025_26/Applied CV/jaguar_project/experiments/round_2/kaggle_ensemble/eva_miew_convnext_weighted_globalminmax_sq,eva_miew_convnext_weighted_globalminmax_sq
eva_miew_convnext_weighted_globalminmax_sq,kaggle_ensemble,valonly_gallery,embedding_concat,fusion,EVA-02+MiewID+ConvNeXt-V2,3,0.8050064295339492,0.883495145631068,0.6852964489760209,0.1197099805579282,0.8122667183876786,0.9320388349514565,0.0072602888537294,/Users/MicheleMarschner/Documents/Uni/WiSe_2025_26/Applied CV/jaguar_project/experiments/round_2/kaggle_ensemble/eva_miew_convnext_weighted_globalminmax_sq,eva_miew_convnext_weighted_globalminmax_sq
eva_miew_convnext_weighted_globalminmax_sq,kaggle_ensemble,valonly_gallery,oracle,oracle,EVA-02+MiewID+ConvNeXt-V2,3,0.8122667183876786,0.9320388349514565,0.6852964489760209,0.1269702694116576,0.8122667183876786,0.9320388349514565,0.0,/Users/MicheleMarschner/Documents/Uni/WiSe_2025_26/Applied CV/jaguar_project/experiments/round_2/kaggle_ensemble/eva_miew_convnext_weighted_globalminmax_sq,eva_miew_convnext_weighted_globalminmax_sq
eva_miew_dinosmall_weighted_globalminmax_sq,kaggle_ensemble,trainval_gallery,EVA-02,single,EVA-02+MiewID+DINO-Small,3,0.7398314919604458,0.929878048780488,0.7398314919604458,0.0,0.8567901419567724,0.9603658536585366,0.1169586499963265,/Users/MicheleMarschner/Documents/Uni/WiSe_2025_26/Applied CV/jaguar_project/experiments/round_2/kaggle_ensemble/eva_miew_dinosmall_weighted_globalminmax_sq,eva_miew_dinosmall_weighted_globalminmax_sq
eva_miew_dinosmall_weighted_globalminmax_sq,kaggle_ensemble,trainval_gallery,MiewID,single,EVA-02+MiewID+DINO-Small,3,0.7061457761781564,0.8689024390243902,0.7398314919604458,-0.0336857157822894,0.8567901419567724,0.9603658536585366,0.1506443657786159,/Users/MicheleMarschner/Documents/Uni/WiSe_2025_26/Applied CV/jaguar_project/experiments/round_2/kaggle_ensemble/eva_miew_dinosmall_weighted_globalminmax_sq,eva_miew_dinosmall_weighted_globalminmax_sq
eva_miew_dinosmall_weighted_globalminmax_sq,kaggle_ensemble,trainval_gallery,DINO-Small,single,EVA-02+MiewID+DINO-Small,3,0.7199924364766084,0.8689024390243902,0.7398314919604458,-0.0198390554838374,0.8567901419567724,0.9603658536585366,0.136797705480164,/Users/MicheleMarschner/Documents/Uni/WiSe_2025_26/Applied CV/jaguar_project/experiments/round_2/kaggle_ensemble/eva_miew_dinosmall_weighted_globalminmax_sq,eva_miew_dinosmall_weighted_globalminmax_sq
eva_miew_dinosmall_weighted_globalminmax_sq,kaggle_ensemble,trainval_gallery,score_fusion,fusion,EVA-02+MiewID+DINO-Small,3,0.8449044606184233,0.9420731707317072,0.7398314919604458,0.1050729686579774,0.8567901419567724,0.9603658536585366,0.0118856813383491,/Users/MicheleMarschner/Documents/Uni/WiSe_2025_26/Applied CV/jaguar_project/experiments/round_2/kaggle_ensemble/eva_miew_dinosmall_weighted_globalminmax_sq,eva_miew_dinosmall_weighted_globalminmax_sq
eva_miew_dinosmall_weighted_globalminmax_sq,kaggle_ensemble,trainval_gallery,embedding_concat,fusion,EVA-02+MiewID+DINO-Small,3,0.840485456166058,0.9420731707317072,0.7398314919604458,0.1006539642056121,0.8567901419567724,0.9603658536585366,0.0163046857907144,/Users/MicheleMarschner/Documents/Uni/WiSe_2025_26/Applied CV/jaguar_project/experiments/round_2/kaggle_ensemble/eva_miew_dinosmall_weighted_globalminmax_sq,eva_miew_dinosmall_weighted_globalminmax_sq
eva_miew_dinosmall_weighted_globalminmax_sq,kaggle_ensemble,trainval_gallery,oracle,oracle,EVA-02+MiewID+DINO-Small,3,0.8567901419567724,0.9603658536585366,0.7398314919604458,0.1169586499963265,0.8567901419567724,0.9603658536585366,0.0,/Users/MicheleMarschner/Documents/Uni/WiSe_2025_26/Applied CV/jaguar_project/experiments/round_2/kaggle_ensemble/eva_miew_dinosmall_weighted_globalminmax_sq,eva_miew_dinosmall_weighted_globalminmax_sq
eva_miew_dinosmall_weighted_globalminmax_sq,kaggle_ensemble,valonly_gallery,EVA-02,single,EVA-02+MiewID+DINO-Small,3,0.6852964489760209,0.7669902912621359,0.6852964489760209,0.0,0.8073434832224653,0.9223300970873788,0.1220470342464443,/Users/MicheleMarschner/Documents/Uni/WiSe_2025_26/Applied CV/jaguar_project/experiments/round_2/kaggle_ensemble/eva_miew_dinosmall_weighted_globalminmax_sq,eva_miew_dinosmall_weighted_globalminmax_sq
eva_miew_dinosmall_weighted_globalminmax_sq,kaggle_ensemble,valonly_gallery,MiewID,single,EVA-02+MiewID+DINO-Small,3,0.6334386197444956,0.8122977346278317,0.6852964489760209,-0.0518578292315253,0.8073434832224653,0.9223300970873788,0.1739048634779697,/Users/MicheleMarschner/Documents/Uni/WiSe_2025_26/Applied CV/jaguar_project/experiments/round_2/kaggle_ensemble/eva_miew_dinosmall_weighted_globalminmax_sq,eva_miew_dinosmall_weighted_globalminmax_sq
eva_miew_dinosmall_weighted_globalminmax_sq,kaggle_ensemble,valonly_gallery,DINO-Small,single,EVA-02+MiewID+DINO-Small,3,0.6535148706548412,0.7799352750809061,0.6852964489760209,-0.0317815783211797,0.8073434832224653,0.9223300970873788,0.1538286125676241,/Users/MicheleMarschner/Documents/Uni/WiSe_2025_26/Applied CV/jaguar_project/experiments/round_2/kaggle_ensemble/eva_miew_dinosmall_weighted_globalminmax_sq,eva_miew_dinosmall_weighted_globalminmax_sq
eva_miew_dinosmall_weighted_globalminmax_sq,kaggle_ensemble,valonly_gallery,score_fusion,fusion,EVA-02+MiewID+DINO-Small,3,0.8030306438931394,0.8673139158576052,0.6852964489760209,0.1177341949171184,0.8073434832224653,0.9223300970873788,0.0043128393293259,/Users/MicheleMarschner/Documents/Uni/WiSe_2025_26/Applied CV/jaguar_project/experiments/round_2/kaggle_ensemble/eva_miew_dinosmall_weighted_globalminmax_sq,eva_miew_dinosmall_weighted_globalminmax_sq
eva_miew_dinosmall_weighted_globalminmax_sq,kaggle_ensemble,valonly_gallery,embedding_concat,fusion,EVA-02+MiewID+DINO-Small,3,0.7960700306809368,0.8705501618122977,0.6852964489760209,0.1107735817049159,0.8073434832224653,0.9223300970873788,0.0112734525415284,/Users/MicheleMarschner/Documents/Uni/WiSe_2025_26/Applied CV/jaguar_project/experiments/round_2/kaggle_ensemble/eva_miew_dinosmall_weighted_globalminmax_sq,eva_miew_dinosmall_weighted_globalminmax_sq
eva_miew_dinosmall_weighted_globalminmax_sq,kaggle_ensemble,valonly_gallery,oracle,oracle,EVA-02+MiewID+DINO-Small,3,0.8073434832224653,0.9223300970873788,0.6852964489760209,0.1220470342464443,0.8073434832224653,0.9223300970873788,0.0,/Users/MicheleMarschner/Documents/Uni/WiSe_2025_26/Applied CV/jaguar_project/experiments/round_2/kaggle_ensemble/eva_miew_dinosmall_weighted_globalminmax_sq,eva_miew_dinosmall_weighted_globalminmax_sq
eva_miew_dinov2base_equal_globalminmax_sq,kaggle_ensemble,trainval_gallery,EVA-02,single,EVA-02+MiewID+DINOv2-Base,3,0.7398314919604458,0.929878048780488,0.7398314919604458,0.0,0.8456350914818309,0.9573170731707316,0.105803599521385,/Users/MicheleMarschner/Documents/Uni/WiSe_2025_26/Applied CV/jaguar_project/experiments/round_2/kaggle_ensemble/eva_miew_dinov2base_equal_globalminmax_sq,eva_miew_dinov2base_equal_globalminmax_sq
eva_miew_dinov2base_equal_globalminmax_sq,kaggle_ensemble,trainval_gallery,MiewID,single,EVA-02+MiewID+DINOv2-Base,3,0.7061457761781564,0.8689024390243902,0.7398314919604458,-0.0336857157822894,0.8456350914818309,0.9573170731707316,0.1394893153036744,/Users/MicheleMarschner/Documents/Uni/WiSe_2025_26/Applied CV/jaguar_project/experiments/round_2/kaggle_ensemble/eva_miew_dinov2base_equal_globalminmax_sq,eva_miew_dinov2base_equal_globalminmax_sq
eva_miew_dinov2base_equal_globalminmax_sq,kaggle_ensemble,trainval_gallery,DINOv2-Base,single,EVA-02+MiewID+DINOv2-Base,3,0.6190902149757299,0.8658536585365854,0.7398314919604458,-0.1207412769847159,0.8456350914818309,0.9573170731707316,0.226544876506101,/Users/MicheleMarschner/Documents/Uni/WiSe_2025_26/Applied CV/jaguar_project/experiments/round_2/kaggle_ensemble/eva_miew_dinov2base_equal_globalminmax_sq,eva_miew_dinov2base_equal_globalminmax_sq
eva_miew_dinov2base_equal_globalminmax_sq,kaggle_ensemble,trainval_gallery,score_fusion,fusion,EVA-02+MiewID+DINOv2-Base,3,0.8260692872564046,0.9329268292682928,0.7398314919604458,0.0862377952959587,0.8456350914818309,0.9573170731707316,0.0195658042254263,/Users/MicheleMarschner/Documents/Uni/WiSe_2025_26/Applied CV/jaguar_project/experiments/round_2/kaggle_ensemble/eva_miew_dinov2base_equal_globalminmax_sq,eva_miew_dinov2base_equal_globalminmax_sq
eva_miew_dinov2base_equal_globalminmax_sq,kaggle_ensemble,trainval_gallery,embedding_concat,fusion,EVA-02+MiewID+DINOv2-Base,3,0.8329470657769019,0.9390243902439024,0.7398314919604458,0.093115573816456,0.8456350914818309,0.9573170731707316,0.0126880257049289,/Users/MicheleMarschner/Documents/Uni/WiSe_2025_26/Applied CV/jaguar_project/experiments/round_2/kaggle_ensemble/eva_miew_dinov2base_equal_globalminmax_sq,eva_miew_dinov2base_equal_globalminmax_sq
eva_miew_dinov2base_equal_globalminmax_sq,kaggle_ensemble,trainval_gallery,oracle,oracle,EVA-02+MiewID+DINOv2-Base,3,0.8456350914818309,0.9573170731707316,0.7398314919604458,0.105803599521385,0.8456350914818309,0.9573170731707316,0.0,/Users/MicheleMarschner/Documents/Uni/WiSe_2025_26/Applied CV/jaguar_project/experiments/round_2/kaggle_ensemble/eva_miew_dinov2base_equal_globalminmax_sq,eva_miew_dinov2base_equal_globalminmax_sq
eva_miew_dinov2base_equal_globalminmax_sq,kaggle_ensemble,valonly_gallery,EVA-02,single,EVA-02+MiewID+DINOv2-Base,3,0.6852964489760209,0.7669902912621359,0.6852964489760209,0.0,0.7891669113769866,0.889967637540453,0.1038704624009656,/Users/MicheleMarschner/Documents/Uni/WiSe_2025_26/Applied CV/jaguar_project/experiments/round_2/kaggle_ensemble/eva_miew_dinov2base_equal_globalminmax_sq,eva_miew_dinov2base_equal_globalminmax_sq
eva_miew_dinov2base_equal_globalminmax_sq,kaggle_ensemble,valonly_gallery,MiewID,single,EVA-02+MiewID+DINOv2-Base,3,0.6334386197444956,0.8122977346278317,0.6852964489760209,-0.0518578292315253,0.7891669113769866,0.889967637540453,0.155728291632491,/Users/MicheleMarschner/Documents/Uni/WiSe_2025_26/Applied CV/jaguar_project/experiments/round_2/kaggle_ensemble/eva_miew_dinov2base_equal_globalminmax_sq,eva_miew_dinov2base_equal_globalminmax_sq
eva_miew_dinov2base_equal_globalminmax_sq,kaggle_ensemble,valonly_gallery,DINOv2-Base,single,EVA-02+MiewID+DINOv2-Base,3,0.549661840716022,0.6699029126213593,0.6852964489760209,-0.1356346082599989,0.7891669113769866,0.889967637540453,0.2395050706609646,/Users/MicheleMarschner/Documents/Uni/WiSe_2025_26/Applied CV/jaguar_project/experiments/round_2/kaggle_ensemble/eva_miew_dinov2base_equal_globalminmax_sq,eva_miew_dinov2base_equal_globalminmax_sq
eva_miew_dinov2base_equal_globalminmax_sq,kaggle_ensemble,valonly_gallery,score_fusion,fusion,EVA-02+MiewID+DINOv2-Base,3,0.7686120224560844,0.8478964401294499,0.6852964489760209,0.0833155734800634,0.7891669113769866,0.889967637540453,0.0205548889209021,/Users/MicheleMarschner/Documents/Uni/WiSe_2025_26/Applied CV/jaguar_project/experiments/round_2/kaggle_ensemble/eva_miew_dinov2base_equal_globalminmax_sq,eva_miew_dinov2base_equal_globalminmax_sq
eva_miew_dinov2base_equal_globalminmax_sq,kaggle_ensemble,valonly_gallery,embedding_concat,fusion,EVA-02+MiewID+DINOv2-Base,3,0.7778431937049813,0.86084142394822,0.6852964489760209,0.0925467447289604,0.7891669113769866,0.889967637540453,0.0113237176720052,/Users/MicheleMarschner/Documents/Uni/WiSe_2025_26/Applied CV/jaguar_project/experiments/round_2/kaggle_ensemble/eva_miew_dinov2base_equal_globalminmax_sq,eva_miew_dinov2base_equal_globalminmax_sq
eva_miew_dinov2base_equal_globalminmax_sq,kaggle_ensemble,valonly_gallery,oracle,oracle,EVA-02+MiewID+DINOv2-Base,3,0.7891669113769866,0.889967637540453,0.6852964489760209,0.1038704624009656,0.7891669113769866,0.889967637540453,0.0,/Users/MicheleMarschner/Documents/Uni/WiSe_2025_26/Applied CV/jaguar_project/experiments/round_2/kaggle_ensemble/eva_miew_dinov2base_equal_globalminmax_sq,eva_miew_dinov2base_equal_globalminmax_sq
eva_miew_efficientnet_weighted_globalminmax_sq,kaggle_ensemble,trainval_gallery,EVA-02,single,EVA-02+MiewID+EfficientNet-B4,3,0.7398314919604458,0.929878048780488,0.7398314919604458,0.0,0.840435254590163,0.9542682926829268,0.1006037626297171,/Users/MicheleMarschner/Documents/Uni/WiSe_2025_26/Applied CV/jaguar_project/experiments/round_2/kaggle_ensemble/eva_miew_efficientnet_weighted_globalminmax_sq,eva_miew_efficientnet_weighted_globalminmax_sq
eva_miew_efficientnet_weighted_globalminmax_sq,kaggle_ensemble,trainval_gallery,MiewID,single,EVA-02+MiewID+EfficientNet-B4,3,0.7061457761781564,0.8689024390243902,0.7398314919604458,-0.0336857157822894,0.840435254590163,0.9542682926829268,0.1342894784120065,/Users/MicheleMarschner/Documents/Uni/WiSe_2025_26/Applied CV/jaguar_project/experiments/round_2/kaggle_ensemble/eva_miew_efficientnet_weighted_globalminmax_sq,eva_miew_efficientnet_weighted_globalminmax_sq
eva_miew_efficientnet_weighted_globalminmax_sq,kaggle_ensemble,trainval_gallery,EfficientNet-B4,single,EVA-02+MiewID+EfficientNet-B4,3,0.5618160989553405,0.8353658536585366,0.7398314919604458,-0.1780153930051053,0.840435254590163,0.9542682926829268,0.2786191556348225,/Users/MicheleMarschner/Documents/Uni/WiSe_2025_26/Applied CV/jaguar_project/experiments/round_2/kaggle_ensemble/eva_miew_efficientnet_weighted_globalminmax_sq,eva_miew_efficientnet_weighted_globalminmax_sq
eva_miew_efficientnet_weighted_globalminmax_sq,kaggle_ensemble,trainval_gallery,score_fusion,fusion,EVA-02+MiewID+EfficientNet-B4,3,0.8346255376793434,0.948170731707317,0.7398314919604458,0.0947940457188976,0.840435254590163,0.9542682926829268,0.0058097169108195,/Users/MicheleMarschner/Documents/Uni/WiSe_2025_26/Applied CV/jaguar_project/experiments/round_2/kaggle_ensemble/eva_miew_efficientnet_weighted_globalminmax_sq,eva_miew_efficientnet_weighted_globalminmax_sq
eva_miew_efficientnet_weighted_globalminmax_sq,kaggle_ensemble,trainval_gallery,embedding_concat,fusion,EVA-02+MiewID+EfficientNet-B4,3,0.8366414585714325,0.951219512195122,0.7398314919604458,0.0968099666109866,0.840435254590163,0.9542682926829268,0.0037937960187305,/Users/MicheleMarschner/Documents/Uni/WiSe_2025_26/Applied CV/jaguar_project/experiments/round_2/kaggle_ensemble/eva_miew_efficientnet_weighted_globalminmax_sq,eva_miew_efficientnet_weighted_globalminmax_sq
eva_miew_efficientnet_weighted_globalminmax_sq,kaggle_ensemble,trainval_gallery,oracle,oracle,EVA-02+MiewID+EfficientNet-B4,3,0.840435254590163,0.9542682926829268,0.7398314919604458,0.1006037626297171,0.840435254590163,0.9542682926829268,0.0,/Users/MicheleMarschner/Documents/Uni/WiSe_2025_26/Applied CV/jaguar_project/experiments/round_2/kaggle_ensemble/eva_miew_efficientnet_weighted_globalminmax_sq,eva_miew_efficientnet_weighted_globalminmax_sq
eva_miew_efficientnet_weighted_globalminmax_sq,kaggle_ensemble,valonly_gallery,EVA-02,single,EVA-02+MiewID+EfficientNet-B4,3,0.6852964489760209,0.7669902912621359,0.6852964489760209,0.0,0.7869569729965188,0.8932038834951457,0.1016605240204978,/Users/MicheleMarschner/Documents/Uni/WiSe_2025_26/Applied CV/jaguar_project/experiments/round_2/kaggle_ensemble/eva_miew_efficientnet_weighted_globalminmax_sq,eva_miew_efficientnet_weighted_globalminmax_sq
eva_miew_efficientnet_weighted_globalminmax_sq,kaggle_ensemble,valonly_gallery,MiewID,single,EVA-02+MiewID+EfficientNet-B4,3,0.6334386197444956,0.8122977346278317,0.6852964489760209,-0.0518578292315253,0.7869569729965188,0.8932038834951457,0.1535183532520232,/Users/MicheleMarschner/Documents/Uni/WiSe_2025_26/Applied CV/jaguar_project/experiments/round_2/kaggle_ensemble/eva_miew_efficientnet_weighted_globalminmax_sq,eva_miew_efficientnet_weighted_globalminmax_sq
eva_miew_efficientnet_weighted_globalminmax_sq,kaggle_ensemble,valonly_gallery,EfficientNet-B4,single,EVA-02+MiewID+EfficientNet-B4,3,0.4931822358742557,0.6407766990291263,0.6852964489760209,-0.1921142131017652,0.7869569729965188,0.8932038834951457,0.2937747371222631,/Users/MicheleMarschner/Documents/Uni/WiSe_2025_26/Applied CV/jaguar_project/experiments/round_2/kaggle_ensemble/eva_miew_efficientnet_weighted_globalminmax_sq,eva_miew_efficientnet_weighted_globalminmax_sq
eva_miew_efficientnet_weighted_globalminmax_sq,kaggle_ensemble,valonly_gallery,score_fusion,fusion,EVA-02+MiewID+EfficientNet-B4,3,0.779170163631427,0.8543689320388349,0.6852964489760209,0.093873714655406,0.7869569729965188,0.8932038834951457,0.0077868093650917,/Users/MicheleMarschner/Documents/Uni/WiSe_2025_26/Applied CV/jaguar_project/experiments/round_2/kaggle_ensemble/eva_miew_efficientnet_weighted_globalminmax_sq,eva_miew_efficientnet_weighted_globalminmax_sq
eva_miew_efficientnet_weighted_globalminmax_sq,kaggle_ensemble,valonly_gallery,embedding_concat,fusion,EVA-02+MiewID+EfficientNet-B4,3,0.7873843761666807,0.8737864077669902,0.6852964489760209,0.1020879271906597,0.7869569729965188,0.8932038834951457,-0.0004274031701618,/Users/MicheleMarschner/Documents/Uni/WiSe_2025_26/Applied CV/jaguar_project/experiments/round_2/kaggle_ensemble/eva_miew_efficientnet_weighted_globalminmax_sq,eva_miew_efficientnet_weighted_globalminmax_sq
eva_miew_efficientnet_weighted_globalminmax_sq,kaggle_ensemble,valonly_gallery,oracle,oracle,EVA-02+MiewID+EfficientNet-B4,3,0.7869569729965188,0.8932038834951457,0.6852964489760209,0.1016605240204978,0.7869569729965188,0.8932038834951457,0.0,/Users/MicheleMarschner/Documents/Uni/WiSe_2025_26/Applied CV/jaguar_project/experiments/round_2/kaggle_ensemble/eva_miew_efficientnet_weighted_globalminmax_sq,eva_miew_efficientnet_weighted_globalminmax_sq
eva_miew_megadescriptor_evaheavy_globalminmax_sq,kaggle_ensemble,trainval_gallery,EVA-02,single,EVA-02+MiewID+MegaDescriptor-L,3,0.7398314981799344,0.929878048780488,0.7398314981799344,0.0,0.8501769993983482,0.9573170731707316,0.1103455012184138,/Users/MicheleMarschner/Documents/Uni/WiSe_2025_26/Applied CV/jaguar_project/experiments/round_2/kaggle_ensemble/eva_miew_megadescriptor_evaheavy_globalminmax_sq,eva_miew_megadescriptor_evaheavy_globalminmax_sq
eva_miew_megadescriptor_evaheavy_globalminmax_sq,kaggle_ensemble,trainval_gallery,MiewID,single,EVA-02+MiewID+MegaDescriptor-L,3,0.7061458763277152,0.8689024390243902,0.7398314981799344,-0.0336856218522192,0.8501769993983482,0.9573170731707316,0.144031123070633,/Users/MicheleMarschner/Documents/Uni/WiSe_2025_26/Applied CV/jaguar_project/experiments/round_2/kaggle_ensemble/eva_miew_megadescriptor_evaheavy_globalminmax_sq,eva_miew_megadescriptor_evaheavy_globalminmax_sq
eva_miew_megadescriptor_evaheavy_globalminmax_sq,kaggle_ensemble,trainval_gallery,MegaDescriptor-L,single,EVA-02+MiewID+MegaDescriptor-L,3,0.5214323854839368,0.8536585365853658,0.7398314981799344,-0.2183991126959976,0.8501769993983482,0.9573170731707316,0.3287446139144114,/Users/MicheleMarschner/Documents/Uni/WiSe_2025_26/Applied CV/jaguar_project/experiments/round_2/kaggle_ensemble/eva_miew_megadescriptor_evaheavy_globalminmax_sq,eva_miew_megadescriptor_evaheavy_globalminmax_sq
eva_miew_megadescriptor_evaheavy_globalminmax_sq,kaggle_ensemble,trainval_gallery,score_fusion,fusion,EVA-02+MiewID+MegaDescriptor-L,3,0.8162506190373863,0.945121951219512,0.7398314981799344,0.0764191208574518,0.8501769993983482,0.9573170731707316,0.0339263803609619,/Users/MicheleMarschner/Documents/Uni/WiSe_2025_26/Applied CV/jaguar_project/experiments/round_2/kaggle_ensemble/eva_miew_megadescriptor_evaheavy_globalminmax_sq,eva_miew_megadescriptor_evaheavy_globalminmax_sq
eva_miew_megadescriptor_evaheavy_globalminmax_sq,kaggle_ensemble,trainval_gallery,embedding_concat,fusion,EVA-02+MiewID+MegaDescriptor-L,3,0.8147312117002121,0.945121951219512,0.7398314981799344,0.0748997135202776,0.8501769993983482,0.9573170731707316,0.0354457876981361,/Users/MicheleMarschner/Documents/Uni/WiSe_2025_26/Applied CV/jaguar_project/experiments/round_2/kaggle_ensemble/eva_miew_megadescriptor_evaheavy_globalminmax_sq,eva_miew_megadescriptor_evaheavy_globalminmax_sq
eva_miew_megadescriptor_evaheavy_globalminmax_sq,kaggle_ensemble,trainval_gallery,oracle,oracle,EVA-02+MiewID+MegaDescriptor-L,3,0.8501769993983482,0.9573170731707316,0.7398314981799344,0.1103455012184138,0.8501769993983482,0.9573170731707316,0.0,/Users/MicheleMarschner/Documents/Uni/WiSe_2025_26/Applied CV/jaguar_project/experiments/round_2/kaggle_ensemble/eva_miew_megadescriptor_evaheavy_globalminmax_sq,eva_miew_megadescriptor_evaheavy_globalminmax_sq
eva_miew_megadescriptor_evaheavy_globalminmax_sq,kaggle_ensemble,valonly_gallery,EVA-02,single,EVA-02+MiewID+MegaDescriptor-L,3,0.6852964489760209,0.7669902912621359,0.6852964489760209,0.0,0.7890575331894297,0.8932038834951457,0.1037610842134088,/Users/MicheleMarschner/Documents/Uni/WiSe_2025_26/Applied CV/jaguar_project/experiments/round_2/kaggle_ensemble/eva_miew_megadescriptor_evaheavy_globalminmax_sq,eva_miew_megadescriptor_evaheavy_globalminmax_sq
eva_miew_megadescriptor_evaheavy_globalminmax_sq,kaggle_ensemble,valonly_gallery,MiewID,single,EVA-02+MiewID+MegaDescriptor-L,3,0.6334386197444956,0.8122977346278317,0.6852964489760209,-0.0518578292315253,0.7890575331894297,0.8932038834951457,0.1556189134449341,/Users/MicheleMarschner/Documents/Uni/WiSe_2025_26/Applied CV/jaguar_project/experiments/round_2/kaggle_ensemble/eva_miew_megadescriptor_evaheavy_globalminmax_sq,eva_miew_megadescriptor_evaheavy_globalminmax_sq
eva_miew_megadescriptor_evaheavy_globalminmax_sq,kaggle_ensemble,valonly_gallery,MegaDescriptor-L,single,EVA-02+MiewID+MegaDescriptor-L,3,0.4638527671006757,0.6375404530744336,0.6852964489760209,-0.2214436818753452,0.7890575331894297,0.8932038834951457,0.325204766088754,/Users/MicheleMarschner/Documents/Uni/WiSe_2025_26/Applied CV/jaguar_project/experiments/round_2/kaggle_ensemble/eva_miew_megadescriptor_evaheavy_globalminmax_sq,eva_miew_megadescriptor_evaheavy_globalminmax_sq
eva_miew_megadescriptor_evaheavy_globalminmax_sq,kaggle_ensemble,valonly_gallery,score_fusion,fusion,EVA-02+MiewID+MegaDescriptor-L,3,0.7655456616635236,0.8414239482200647,0.6852964489760209,0.0802492126875026,0.7890575331894297,0.8932038834951457,0.0235118715259061,/Users/MicheleMarschner/Documents/Uni/WiSe_2025_26/Applied CV/jaguar_project/experiments/round_2/kaggle_ensemble/eva_miew_megadescriptor_evaheavy_globalminmax_sq,eva_miew_megadescriptor_evaheavy_globalminmax_sq
eva_miew_megadescriptor_evaheavy_globalminmax_sq,kaggle_ensemble,valonly_gallery,embedding_concat,fusion,EVA-02+MiewID+MegaDescriptor-L,3,0.7650436181861532,0.8414239482200647,0.6852964489760209,0.0797471692101322,0.7890575331894297,0.8932038834951457,0.0240139150032765,/Users/MicheleMarschner/Documents/Uni/WiSe_2025_26/Applied CV/jaguar_project/experiments/round_2/kaggle_ensemble/eva_miew_megadescriptor_evaheavy_globalminmax_sq,eva_miew_megadescriptor_evaheavy_globalminmax_sq
eva_miew_megadescriptor_evaheavy_globalminmax_sq,kaggle_ensemble,valonly_gallery,oracle,oracle,EVA-02+MiewID+MegaDescriptor-L,3,0.7890575331894297,0.8932038834951457,0.6852964489760209,0.1037610842134088,0.7890575331894297,0.8932038834951457,0.0,/Users/MicheleMarschner/Documents/Uni/WiSe_2025_26/Applied CV/jaguar_project/experiments/round_2/kaggle_ensemble/eva_miew_megadescriptor_evaheavy_globalminmax_sq,eva_miew_megadescriptor_evaheavy_globalminmax_sq
